carriers,locs,techs,timesteps,capacity_factor
power,region1,ac_transmission:region2,2005-01-01 00:00:00,0.0
power,region1,ac_transmission:region2,2005-01-01 01:00:00,0.0
power,region1,ac_transmission:region2,2005-01-01 02:00:00,0.0
power,region1,ac_transmission:region2,2005-01-01 03:00:00,0.0
power,region1,ac_transmission:region2,2005-01-01 04:00:00,0.0
power,region1,ac_transmission:region2,2005-01-01 05:00:00,0.0
power,region1,ac_transmission:region2,2005-01-01 06:00:00,0.0
power,region1,ac_transmission:region2,2005-01-01 07:00:00,0.0
power,region1,ac_transmission:region2,2005-01-01 08:00:00,0.0
power,region1,ac_transmission:region2,2005-01-01 09:00:00,0.0
power,region1,ac_transmission:region2,2005-01-01 10:00:00,0.0
power,region1,ac_transmission:region2,2005-01-01 11:00:00,0.0
power,region1,ac_transmission:region2,2005-01-01 12:00:00,0.0
power,region1,ac_transmission:region2,2005-01-01 13:00:00,0.0
power,region1,ac_transmission:region2,2005-01-01 14:00:00,0.0
power,region1,ac_transmission:region2,2005-01-01 15:00:00,0.0
power,region1,ac_transmission:region2,2005-01-01 16:00:00,0.0
power,region1,ac_transmission:region2,2005-01-01 17:00:00,0.0
power,region1,ac_transmission:region2,2005-01-01 18:00:00,0.0
power,region1,ac_transmission:region2,2005-01-01 19:00:00,0.0
power,region1,ac_transmission:region2,2005-01-01 20:00:00,0.0
power,region1,ac_transmission:region2,2005-01-01 21:00:00,0.0
power,region1,ac_transmission:region2,2005-01-01 22:00:00,0.0
power,region1,ac_transmission:region2,2005-01-01 23:00:00,0.0
power,region1,ac_transmission:region2,2005-01-02 00:00:00,0.0
power,region1,ac_transmission:region2,2005-01-02 01:00:00,0.0
power,region1,ac_transmission:region2,2005-01-02 02:00:00,0.0
power,region1,ac_transmission:region2,2005-01-02 03:00:00,0.0
power,region1,ac_transmission:region2,2005-01-02 04:00:00,0.0
power,region1,ac_transmission:region2,2005-01-02 05:00:00,0.0
power,region1,ac_transmission:region2,2005-01-02 06:00:00,0.0
power,region1,ac_transmission:region2,2005-01-02 07:00:00,0.0
power,region1,ac_transmission:region2,2005-01-02 08:00:00,0.0
power,region1,ac_transmission:region2,2005-01-02 09:00:00,0.0
power,region1,ac_transmission:region2,2005-01-02 10:00:00,0.0
power,region1,ac_transmission:region2,2005-01-02 11:00:00,0.0
power,region1,ac_transmission:region2,2005-01-02 12:00:00,0.0
power,region1,ac_transmission:region2,2005-01-02 13:00:00,0.0
power,region1,ac_transmission:region2,2005-01-02 14:00:00,0.0
power,region1,ac_transmission:region2,2005-01-02 15:00:00,0.0
power,region1,ac_transmission:region2,2005-01-02 16:00:00,0.0
power,region1,ac_transmission:region2,2005-01-02 17:00:00,0.0
power,region1,ac_transmission:region2,2005-01-02 18:00:00,0.0
power,region1,ac_transmission:region2,2005-01-02 19:00:00,0.0
power,region1,ac_transmission:region2,2005-01-02 20:00:00,0.0
power,region1,ac_transmission:region2,2005-01-02 21:00:00,0.0
power,region1,ac_transmission:region2,2005-01-02 22:00:00,0.0
power,region1,ac_transmission:region2,2005-01-02 23:00:00,0.0
power,region1,ac_transmission:region2,2005-01-03 00:00:00,0.0
power,region1,ac_transmission:region2,2005-01-03 01:00:00,0.0
power,region1,ac_transmission:region2,2005-01-03 02:00:00,0.0
power,region1,ac_transmission:region2,2005-01-03 03:00:00,0.0
power,region1,ac_transmission:region2,2005-01-03 04:00:00,0.0
power,region1,ac_transmission:region2,2005-01-03 05:00:00,0.0
power,region1,ac_transmission:region2,2005-01-03 06:00:00,0.0
power,region1,ac_transmission:region2,2005-01-03 07:00:00,0.0
power,region1,ac_transmission:region2,2005-01-03 08:00:00,0.0
power,region1,ac_transmission:region2,2005-01-03 09:00:00,0.0
power,region1,ac_transmission:region2,2005-01-03 10:00:00,0.0
power,region1,ac_transmission:region2,2005-01-03 11:00:00,0.0
power,region1,ac_transmission:region2,2005-01-03 12:00:00,0.0
power,region1,ac_transmission:region2,2005-01-03 13:00:00,0.0
power,region1,ac_transmission:region2,2005-01-03 14:00:00,0.0
power,region1,ac_transmission:region2,2005-01-03 15:00:00,0.0
power,region1,ac_transmission:region2,2005-01-03 16:00:00,0.0
power,region1,ac_transmission:region2,2005-01-03 17:00:00,0.0
power,region1,ac_transmission:region2,2005-01-03 18:00:00,0.0
power,region1,ac_transmission:region2,2005-01-03 19:00:00,0.0
power,region1,ac_transmission:region2,2005-01-03 20:00:00,0.0
power,region1,ac_transmission:region2,2005-01-03 21:00:00,0.0
power,region1,ac_transmission:region2,2005-01-03 22:00:00,0.0
power,region1,ac_transmission:region2,2005-01-03 23:00:00,0.0
power,region1,ac_transmission:region2,2005-01-04 00:00:00,0.0
power,region1,ac_transmission:region2,2005-01-04 01:00:00,0.0
power,region1,ac_transmission:region2,2005-01-04 02:00:00,0.0
power,region1,ac_transmission:region2,2005-01-04 03:00:00,0.0
power,region1,ac_transmission:region2,2005-01-04 04:00:00,0.0
power,region1,ac_transmission:region2,2005-01-04 05:00:00,0.0
power,region1,ac_transmission:region2,2005-01-04 06:00:00,0.0
power,region1,ac_transmission:region2,2005-01-04 07:00:00,0.0
power,region1,ac_transmission:region2,2005-01-04 08:00:00,0.0
power,region1,ac_transmission:region2,2005-01-04 09:00:00,0.0
power,region1,ac_transmission:region2,2005-01-04 10:00:00,0.0
power,region1,ac_transmission:region2,2005-01-04 11:00:00,0.0
power,region1,ac_transmission:region2,2005-01-04 12:00:00,0.0
power,region1,ac_transmission:region2,2005-01-04 13:00:00,0.0
power,region1,ac_transmission:region2,2005-01-04 14:00:00,0.0
power,region1,ac_transmission:region2,2005-01-04 15:00:00,0.0
power,region1,ac_transmission:region2,2005-01-04 16:00:00,0.0
power,region1,ac_transmission:region2,2005-01-04 17:00:00,0.0
power,region1,ac_transmission:region2,2005-01-04 18:00:00,0.0
power,region1,ac_transmission:region2,2005-01-04 19:00:00,0.0
power,region1,ac_transmission:region2,2005-01-04 20:00:00,0.0
power,region1,ac_transmission:region2,2005-01-04 21:00:00,0.0
power,region1,ac_transmission:region2,2005-01-04 22:00:00,0.0
power,region1,ac_transmission:region2,2005-01-04 23:00:00,0.0
power,region1,ac_transmission:region2,2005-01-05 00:00:00,0.0
power,region1,ac_transmission:region2,2005-01-05 01:00:00,0.0
power,region1,ac_transmission:region2,2005-01-05 02:00:00,0.0
power,region1,ac_transmission:region2,2005-01-05 03:00:00,0.0
power,region1,ac_transmission:region2,2005-01-05 04:00:00,0.0
power,region1,ac_transmission:region2,2005-01-05 05:00:00,0.0
power,region1,ac_transmission:region2,2005-01-05 06:00:00,0.0
power,region1,ac_transmission:region2,2005-01-05 07:00:00,0.0
power,region1,ac_transmission:region2,2005-01-05 08:00:00,0.0
power,region1,ac_transmission:region2,2005-01-05 09:00:00,0.0
power,region1,ac_transmission:region2,2005-01-05 10:00:00,0.0
power,region1,ac_transmission:region2,2005-01-05 11:00:00,0.0
power,region1,ac_transmission:region2,2005-01-05 12:00:00,0.0
power,region1,ac_transmission:region2,2005-01-05 13:00:00,0.0
power,region1,ac_transmission:region2,2005-01-05 14:00:00,0.0
power,region1,ac_transmission:region2,2005-01-05 15:00:00,0.0
power,region1,ac_transmission:region2,2005-01-05 16:00:00,0.0
power,region1,ac_transmission:region2,2005-01-05 17:00:00,0.0
power,region1,ac_transmission:region2,2005-01-05 18:00:00,0.0
power,region1,ac_transmission:region2,2005-01-05 19:00:00,0.0
power,region1,ac_transmission:region2,2005-01-05 20:00:00,0.0
power,region1,ac_transmission:region2,2005-01-05 21:00:00,0.0
power,region1,ac_transmission:region2,2005-01-05 22:00:00,0.0
power,region1,ac_transmission:region2,2005-01-05 23:00:00,0.0
power,region1,ccgt,2005-01-01 00:00:00,0.89025415877581
power,region1,ccgt,2005-01-01 01:00:00,0.8964890980392167
power,region1,ccgt,2005-01-01 02:00:00,0.87298908235294
power,region1,ccgt,2005-01-01 03:00:00,0.85434243137255
power,region1,ccgt,2005-01-01 04:00:00,0.8558349803921567
power,region1,ccgt,2005-01-01 05:00:00,0.87462431372549
power,region1,ccgt,2005-01-01 06:00:00,0.89894611764706
power,region1,ccgt,2005-01-01 07:00:00,0.8981956272700033
power,region1,ccgt,2005-01-01 08:00:00,0.6661056000000001
power,region1,ccgt,2005-01-01 09:00:00,0.6921141333333333
power,region1,ccgt,2005-01-01 10:00:00,0.69804611764706
power,region1,ccgt,2005-01-01 11:00:00,0.7077346980392166
power,region1,ccgt,2005-01-01 12:00:00,0.7109202980392166
power,region1,ccgt,2005-01-01 13:00:00,0.70621683137255
power,region1,ccgt,2005-01-01 14:00:00,0.7617821647058833
power,region1,ccgt,2005-01-01 15:00:00,0.8132248313725501
power,region1,ccgt,2005-01-01 16:00:00,0.8614530980392167
power,region1,ccgt,2005-01-01 17:00:00,0.8731917647058833
power,region1,ccgt,2005-01-01 18:00:00,0.8456754980392167
power,region1,ccgt,2005-01-01 19:00:00,0.8153309647058833
power,region1,ccgt,2005-01-01 20:00:00,0.7750479843137267
power,region1,ccgt,2005-01-01 21:00:00,0.7133888
power,region1,ccgt,2005-01-01 22:00:00,0.6551170666666666
power,region1,ccgt,2005-01-01 23:00:00,0.9354142095360567
power,region1,ccgt,2005-01-02 00:00:00,0.9207202980392166
power,region1,ccgt,2005-01-02 01:00:00,0.9124786980392167
power,region1,ccgt,2005-01-02 02:00:00,0.8898925490196067
power,region1,ccgt,2005-01-02 03:00:00,0.93574003137255
power,region1,ccgt,2005-01-02 04:00:00,0.97960671372549
power,region1,ccgt,2005-01-02 05:00:00,1.0
power,region1,ccgt,2005-01-02 06:00:00,1.0
power,region1,ccgt,2005-01-02 07:00:00,1.0
power,region1,ccgt,2005-01-02 08:00:00,0.9066589647058833
power,region1,ccgt,2005-01-02 09:00:00,0.9264322980392167
power,region1,ccgt,2005-01-02 10:00:00,0.9255325647058834
power,region1,ccgt,2005-01-02 11:00:00,0.91954003137255
power,region1,ccgt,2005-01-02 12:00:00,0.9010224470588233
power,region1,ccgt,2005-01-02 13:00:00,0.9252157647058833
power,region1,ccgt,2005-01-02 14:00:00,0.9568445647058834
power,region1,ccgt,2005-01-02 15:00:00,0.99998963137255
power,region1,ccgt,2005-01-02 16:00:00,1.0
power,region1,ccgt,2005-01-02 17:00:00,1.0
power,region1,ccgt,2005-01-02 18:00:00,0.9853624313725501
power,region1,ccgt,2005-01-02 19:00:00,0.9340573647058833
power,region1,ccgt,2005-01-02 20:00:00,0.8811890980392167
power,region1,ccgt,2005-01-02 21:00:00,0.9003171384187001
power,region1,ccgt,2005-01-02 22:00:00,1.0
power,region1,ccgt,2005-01-02 23:00:00,1.0
power,region1,ccgt,2005-01-03 00:00:00,0.9878626980392167
power,region1,ccgt,2005-01-03 01:00:00,0.9792861647058834
power,region1,ccgt,2005-01-03 02:00:00,0.9567661490196067
power,region1,ccgt,2005-01-03 03:00:00,0.9995352202487633
power,region1,ccgt,2005-01-03 04:00:00,1.0
power,region1,ccgt,2005-01-03 05:00:00,1.0
power,region1,ccgt,2005-01-03 06:00:00,1.0
power,region1,ccgt,2005-01-03 07:00:00,1.0
power,region1,ccgt,2005-01-03 08:00:00,0.99999999999997
power,region1,ccgt,2005-01-03 09:00:00,1.0
power,region1,ccgt,2005-01-03 10:00:00,1.0
power,region1,ccgt,2005-01-03 11:00:00,1.0
power,region1,ccgt,2005-01-03 12:00:00,1.0
power,region1,ccgt,2005-01-03 13:00:00,1.0
power,region1,ccgt,2005-01-03 14:00:00,1.0
power,region1,ccgt,2005-01-03 15:00:00,1.0
power,region1,ccgt,2005-01-03 16:00:00,1.0
power,region1,ccgt,2005-01-03 17:00:00,1.0
power,region1,ccgt,2005-01-03 18:00:00,1.0
power,region1,ccgt,2005-01-03 19:00:00,1.0
power,region1,ccgt,2005-01-03 20:00:00,1.0
power,region1,ccgt,2005-01-03 21:00:00,1.0
power,region1,ccgt,2005-01-03 22:00:00,1.0
power,region1,ccgt,2005-01-03 23:00:00,1.0
power,region1,ccgt,2005-01-04 00:00:00,1.0
power,region1,ccgt,2005-01-04 01:00:00,0.99907923137255
power,region1,ccgt,2005-01-04 02:00:00,1.0
power,region1,ccgt,2005-01-04 03:00:00,1.0
power,region1,ccgt,2005-01-04 04:00:00,1.0
power,region1,ccgt,2005-01-04 05:00:00,1.0
power,region1,ccgt,2005-01-04 06:00:00,1.0
power,region1,ccgt,2005-01-04 07:00:00,1.0
power,region1,ccgt,2005-01-04 08:00:00,1.0
power,region1,ccgt,2005-01-04 09:00:00,1.0
power,region1,ccgt,2005-01-04 10:00:00,1.0
power,region1,ccgt,2005-01-04 11:00:00,1.0
power,region1,ccgt,2005-01-04 12:00:00,1.0
power,region1,ccgt,2005-01-04 13:00:00,1.0
power,region1,ccgt,2005-01-04 14:00:00,1.0
power,region1,ccgt,2005-01-04 15:00:00,1.0
power,region1,ccgt,2005-01-04 16:00:00,1.0
power,region1,ccgt,2005-01-04 17:00:00,1.0
power,region1,ccgt,2005-01-04 18:00:00,1.0
power,region1,ccgt,2005-01-04 19:00:00,1.0
power,region1,ccgt,2005-01-04 20:00:00,1.0
power,region1,ccgt,2005-01-04 21:00:00,1.0
power,region1,ccgt,2005-01-04 22:00:00,1.0
power,region1,ccgt,2005-01-04 23:00:00,1.0
power,region1,ccgt,2005-01-05 00:00:00,1.0
power,region1,ccgt,2005-01-05 01:00:00,1.0
power,region1,ccgt,2005-01-05 02:00:00,1.0
power,region1,ccgt,2005-01-05 03:00:00,1.0
power,region1,ccgt,2005-01-05 04:00:00,1.0
power,region1,ccgt,2005-01-05 05:00:00,1.0
power,region1,ccgt,2005-01-05 06:00:00,1.0
power,region1,ccgt,2005-01-05 07:00:00,1.0
power,region1,ccgt,2005-01-05 08:00:00,1.0
power,region1,ccgt,2005-01-05 09:00:00,1.0
power,region1,ccgt,2005-01-05 10:00:00,1.0
power,region1,ccgt,2005-01-05 11:00:00,1.0
power,region1,ccgt,2005-01-05 12:00:00,1.0
power,region1,ccgt,2005-01-05 13:00:00,1.0
power,region1,ccgt,2005-01-05 14:00:00,1.0
power,region1,ccgt,2005-01-05 15:00:00,1.0
power,region1,ccgt,2005-01-05 16:00:00,1.0
power,region1,ccgt,2005-01-05 17:00:00,1.0
power,region1,ccgt,2005-01-05 18:00:00,1.0
power,region1,ccgt,2005-01-05 19:00:00,0.9853768313725499
power,region1,ccgt,2005-01-05 20:00:00,0.9236426509803933
power,region1,ccgt,2005-01-05 21:00:00,0.8411376
power,region1,ccgt,2005-01-05 22:00:00,0.7680834666666667
power,region1,ccgt,2005-01-05 23:00:00,0.72776748235294
power,region1,free_transmission:region1-1,2005-01-01 00:00:00,0.13652613741396555
power,region1,free_transmission:region1-1,2005-01-01 01:00:00,0.0
power,region1,free_transmission:region1-1,2005-01-01 02:00:00,0.0
power,region1,free_transmission:region1-1,2005-01-01 03:00:00,0.0
power,region1,free_transmission:region1-1,2005-01-01 04:00:00,0.0
power,region1,free_transmission:region1-1,2005-01-01 05:00:00,0.0
power,region1,free_transmission:region1-1,2005-01-01 06:00:00,0.0
power,region1,free_transmission:region1-1,2005-01-01 07:00:00,0.11157729472090668
power,region1,free_transmission:region1-1,2005-01-01 08:00:00,1.0
power,region1,free_transmission:region1-1,2005-01-01 09:00:00,1.0
power,region1,free_transmission:region1-1,2005-01-01 10:00:00,1.0
power,region1,free_transmission:region1-1,2005-01-01 11:00:00,1.0
power,region1,free_transmission:region1-1,2005-01-01 12:00:00,1.0
power,region1,free_transmission:region1-1,2005-01-01 13:00:00,1.0
power,region1,free_transmission:region1-1,2005-01-01 14:00:00,1.0
power,region1,free_transmission:region1-1,2005-01-01 15:00:00,1.0
power,region1,free_transmission:region1-1,2005-01-01 16:00:00,1.0
power,region1,free_transmission:region1-1,2005-01-01 17:00:00,1.0
power,region1,free_transmission:region1-1,2005-01-01 18:00:00,1.0
power,region1,free_transmission:region1-1,2005-01-01 19:00:00,1.0
power,region1,free_transmission:region1-1,2005-01-01 20:00:00,1.0
power,region1,free_transmission:region1-1,2005-01-01 21:00:00,1.0
power,region1,free_transmission:region1-1,2005-01-01 22:00:00,1.0
power,region1,free_transmission:region1-1,2005-01-01 23:00:00,0.010533512833208244
power,region1,free_transmission:region1-1,2005-01-02 00:00:00,0.0
power,region1,free_transmission:region1-1,2005-01-02 01:00:00,0.0
power,region1,free_transmission:region1-1,2005-01-02 02:00:00,0.0
power,region1,free_transmission:region1-1,2005-01-02 03:00:00,0.0
power,region1,free_transmission:region1-1,2005-01-02 04:00:00,0.0
power,region1,free_transmission:region1-1,2005-01-02 05:00:00,0.20544993464052222
power,region1,free_transmission:region1-1,2005-01-02 06:00:00,0.40733328104575106
power,region1,free_transmission:region1-1,2005-01-02 07:00:00,0.5435982745098034
power,region1,free_transmission:region1-1,2005-01-02 08:00:00,1.0
power,region1,free_transmission:region1-1,2005-01-02 09:00:00,1.0
power,region1,free_transmission:region1-1,2005-01-02 10:00:00,1.0
power,region1,free_transmission:region1-1,2005-01-02 11:00:00,1.0
power,region1,free_transmission:region1-1,2005-01-02 12:00:00,1.0
power,region1,free_transmission:region1-1,2005-01-02 13:00:00,1.0
power,region1,free_transmission:region1-1,2005-01-02 14:00:00,1.0
power,region1,free_transmission:region1-1,2005-01-02 15:00:00,1.0
power,region1,free_transmission:region1-1,2005-01-02 16:00:00,1.0
power,region1,free_transmission:region1-1,2005-01-02 17:00:00,1.0
power,region1,free_transmission:region1-1,2005-01-02 18:00:00,1.0
power,region1,free_transmission:region1-1,2005-01-02 19:00:00,1.0
power,region1,free_transmission:region1-1,2005-01-02 20:00:00,1.0
power,region1,free_transmission:region1-1,2005-01-02 21:00:00,0.6964211987350578
power,region1,free_transmission:region1-1,2005-01-02 22:00:00,0.099275555555555
power,region1,free_transmission:region1-1,2005-01-02 23:00:00,0.0
power,region1,free_transmission:region1-1,2005-01-03 00:00:00,0.0
power,region1,free_transmission:region1-1,2005-01-03 01:00:00,0.0
power,region1,free_transmission:region1-1,2005-01-03 02:00:00,0.0
power,region1,free_transmission:region1-1,2005-01-03 03:00:00,0.0
power,region1,free_transmission:region1-1,2005-01-03 04:00:00,0.17858237908496666
power,region1,free_transmission:region1-1,2005-01-03 05:00:00,0.49677615686274446
power,region1,free_transmission:region1-1,2005-01-03 06:00:00,0.7143839477124178
power,region1,free_transmission:region1-1,2005-01-03 07:00:00,0.8323787189542489
power,region1,free_transmission:region1-1,2005-01-03 08:00:00,0.9046080000001011
power,region1,free_transmission:region1-1,2005-01-03 09:00:00,0.937344
power,region1,free_transmission:region1-1,2005-01-03 10:00:00,0.9080790588235289
power,region1,free_transmission:region1-1,2005-01-03 11:00:00,0.8739528366013066
power,region1,free_transmission:region1-1,2005-01-03 12:00:00,0.8572552679738555
power,region1,free_transmission:region1-1,2005-01-03 13:00:00,0.8899174379084955
power,region1,free_transmission:region1-1,2005-01-03 14:00:00,0.9918133856209146
power,region1,free_transmission:region1-1,2005-01-03 15:00:00,1.0
power,region1,free_transmission:region1-1,2005-01-03 16:00:00,1.0
power,region1,free_transmission:region1-1,2005-01-03 17:00:00,1.0
power,region1,free_transmission:region1-1,2005-01-03 18:00:00,1.0
power,region1,free_transmission:region1-1,2005-01-03 19:00:00,0.89813788235294
power,region1,free_transmission:region1-1,2005-01-03 20:00:00,0.7015743267973855
power,region1,free_transmission:region1-1,2005-01-03 21:00:00,0.4517076601307189
power,region1,free_transmission:region1-1,2005-01-03 22:00:00,0.24467654901960778
power,region1,free_transmission:region1-1,2005-01-03 23:00:00,0.11021254901960778
power,region1,free_transmission:region1-1,2005-01-04 00:00:00,0.029487215686274448
power,region1,free_transmission:region1-1,2005-01-04 01:00:00,0.0
power,region1,free_transmission:region1-1,2005-01-04 02:00:00,0.010600104575163454
power,region1,free_transmission:region1-1,2005-01-04 03:00:00,0.07147477124182999
power,region1,free_transmission:region1-1,2005-01-04 04:00:00,0.2866457640903078
power,region1,free_transmission:region1-1,2005-01-04 05:00:00,0.5654374901960778
power,region1,free_transmission:region1-1,2005-01-04 06:00:00,0.7863626143790844
power,region1,free_transmission:region1-1,2005-01-04 07:00:00,0.9011751633986934
power,region1,free_transmission:region1-1,2005-01-04 08:00:00,0.9696142222222223
power,region1,free_transmission:region1-1,2005-01-04 09:00:00,1.0
power,region1,free_transmission:region1-1,2005-01-04 10:00:00,0.9838347695037389
power,region1,free_transmission:region1-1,2005-01-04 11:00:00,0.9484239477124178
power,region1,free_transmission:region1-1,2005-01-04 12:00:00,0.9338490457516333
power,region1,free_transmission:region1-1,2005-01-04 13:00:00,0.9542001045751634
power,region1,free_transmission:region1-1,2005-01-04 14:00:00,1.0
power,region1,free_transmission:region1-1,2005-01-04 15:00:00,1.0
power,region1,free_transmission:region1-1,2005-01-04 16:00:00,1.0
power,region1,free_transmission:region1-1,2005-01-04 17:00:00,1.0
power,region1,free_transmission:region1-1,2005-01-04 18:00:00,1.0
power,region1,free_transmission:region1-1,2005-01-04 19:00:00,0.9549556601307189
power,region1,free_transmission:region1-1,2005-01-04 20:00:00,0.7638978823529411
power,region1,free_transmission:region1-1,2005-01-04 21:00:00,0.5039903267973855
power,region1,free_transmission:region1-1,2005-01-04 22:00:00,0.2882338823529411
power,region1,free_transmission:region1-1,2005-01-04 23:00:00,0.14606854901960778
power,region1,free_transmission:region1-1,2005-01-05 00:00:00,0.06713343790849655
power,region1,free_transmission:region1-1,2005-01-05 01:00:00,0.037353882352941334
power,region1,free_transmission:region1-1,2005-01-05 02:00:00,0.05069610457516344
power,region1,free_transmission:region1-1,2005-01-05 03:00:00,0.11597610457516334
power,region1,free_transmission:region1-1,2005-01-05 04:00:00,0.36728277124182995
power,region1,free_transmission:region1-1,2005-01-05 05:00:00,0.6900626125685712
power,region1,free_transmission:region1-1,2005-01-05 06:00:00,0.8472692810457522
power,region1,free_transmission:region1-1,2005-01-05 07:00:00,0.96213694117647
power,region1,free_transmission:region1-1,2005-01-05 08:00:00,1.0
power,region1,free_transmission:region1-1,2005-01-05 09:00:00,1.0
power,region1,free_transmission:region1-1,2005-01-05 10:00:00,1.0
power,region1,free_transmission:region1-1,2005-01-05 11:00:00,1.0
power,region1,free_transmission:region1-1,2005-01-05 12:00:00,1.0
power,region1,free_transmission:region1-1,2005-01-05 13:00:00,1.0
power,region1,free_transmission:region1-1,2005-01-05 14:00:00,1.0
power,region1,free_transmission:region1-1,2005-01-05 15:00:00,1.0
power,region1,free_transmission:region1-1,2005-01-05 16:00:00,1.0
power,region1,free_transmission:region1-1,2005-01-05 17:00:00,1.0
power,region1,free_transmission:region1-1,2005-01-05 18:00:00,1.0
power,region1,free_transmission:region1-1,2005-01-05 19:00:00,1.0
power,region1,free_transmission:region1-1,2005-01-05 20:00:00,1.0
power,region1,free_transmission:region1-1,2005-01-05 21:00:00,1.0
power,region1,free_transmission:region1-1,2005-01-05 22:00:00,1.0
power,region1,free_transmission:region1-1,2005-01-05 23:00:00,1.0
power,region1,free_transmission:region1-2,2005-01-01 00:00:00,0.0
power,region1,free_transmission:region1-2,2005-01-01 01:00:00,0.0
power,region1,free_transmission:region1-2,2005-01-01 02:00:00,0.0
power,region1,free_transmission:region1-2,2005-01-01 03:00:00,0.0
power,region1,free_transmission:region1-2,2005-01-01 04:00:00,0.0
power,region1,free_transmission:region1-2,2005-01-01 05:00:00,0.0
power,region1,free_transmission:region1-2,2005-01-01 06:00:00,0.0
power,region1,free_transmission:region1-2,2005-01-01 07:00:00,0.0
power,region1,free_transmission:region1-2,2005-01-01 08:00:00,0.0
power,region1,free_transmission:region1-2,2005-01-01 09:00:00,0.0
power,region1,free_transmission:region1-2,2005-01-01 10:00:00,0.0
power,region1,free_transmission:region1-2,2005-01-01 11:00:00,0.0
power,region1,free_transmission:region1-2,2005-01-01 12:00:00,0.0
power,region1,free_transmission:region1-2,2005-01-01 13:00:00,0.0
power,region1,free_transmission:region1-2,2005-01-01 14:00:00,0.0
power,region1,free_transmission:region1-2,2005-01-01 15:00:00,0.0
power,region1,free_transmission:region1-2,2005-01-01 16:00:00,0.0
power,region1,free_transmission:region1-2,2005-01-01 17:00:00,0.0
power,region1,free_transmission:region1-2,2005-01-01 18:00:00,0.0
power,region1,free_transmission:region1-2,2005-01-01 19:00:00,0.0
power,region1,free_transmission:region1-2,2005-01-01 20:00:00,0.0
power,region1,free_transmission:region1-2,2005-01-01 21:00:00,0.0
power,region1,free_transmission:region1-2,2005-01-01 22:00:00,0.0
power,region1,free_transmission:region1-2,2005-01-01 23:00:00,0.0
power,region1,free_transmission:region1-2,2005-01-02 00:00:00,0.0
power,region1,free_transmission:region1-2,2005-01-02 01:00:00,0.0
power,region1,free_transmission:region1-2,2005-01-02 02:00:00,0.0
power,region1,free_transmission:region1-2,2005-01-02 03:00:00,0.0
power,region1,free_transmission:region1-2,2005-01-02 04:00:00,0.0
power,region1,free_transmission:region1-2,2005-01-02 05:00:00,0.0
power,region1,free_transmission:region1-2,2005-01-02 06:00:00,0.0
power,region1,free_transmission:region1-2,2005-01-02 07:00:00,0.0
power,region1,free_transmission:region1-2,2005-01-02 08:00:00,0.0
power,region1,free_transmission:region1-2,2005-01-02 09:00:00,0.0
power,region1,free_transmission:region1-2,2005-01-02 10:00:00,0.0
power,region1,free_transmission:region1-2,2005-01-02 11:00:00,0.0
power,region1,free_transmission:region1-2,2005-01-02 12:00:00,0.0
power,region1,free_transmission:region1-2,2005-01-02 13:00:00,0.0
power,region1,free_transmission:region1-2,2005-01-02 14:00:00,0.0
power,region1,free_transmission:region1-2,2005-01-02 15:00:00,0.0
power,region1,free_transmission:region1-2,2005-01-02 16:00:00,0.0
power,region1,free_transmission:region1-2,2005-01-02 17:00:00,0.0
power,region1,free_transmission:region1-2,2005-01-02 18:00:00,0.0
power,region1,free_transmission:region1-2,2005-01-02 19:00:00,0.0
power,region1,free_transmission:region1-2,2005-01-02 20:00:00,0.0
power,region1,free_transmission:region1-2,2005-01-02 21:00:00,0.0
power,region1,free_transmission:region1-2,2005-01-02 22:00:00,0.0
power,region1,free_transmission:region1-2,2005-01-02 23:00:00,0.0
power,region1,free_transmission:region1-2,2005-01-03 00:00:00,0.0
power,region1,free_transmission:region1-2,2005-01-03 01:00:00,0.0
power,region1,free_transmission:region1-2,2005-01-03 02:00:00,0.0
power,region1,free_transmission:region1-2,2005-01-03 03:00:00,0.0
power,region1,free_transmission:region1-2,2005-01-03 04:00:00,0.0
power,region1,free_transmission:region1-2,2005-01-03 05:00:00,0.0
power,region1,free_transmission:region1-2,2005-01-03 06:00:00,0.0
power,region1,free_transmission:region1-2,2005-01-03 07:00:00,0.0
power,region1,free_transmission:region1-2,2005-01-03 08:00:00,0.0
power,region1,free_transmission:region1-2,2005-01-03 09:00:00,0.0
power,region1,free_transmission:region1-2,2005-01-03 10:00:00,0.0
power,region1,free_transmission:region1-2,2005-01-03 11:00:00,0.0
power,region1,free_transmission:region1-2,2005-01-03 12:00:00,0.0
power,region1,free_transmission:region1-2,2005-01-03 13:00:00,0.0
power,region1,free_transmission:region1-2,2005-01-03 14:00:00,0.0
power,region1,free_transmission:region1-2,2005-01-03 15:00:00,0.0
power,region1,free_transmission:region1-2,2005-01-03 16:00:00,-inf
power,region1,free_transmission:region1-2,2005-01-03 17:00:00,0.0
power,region1,free_transmission:region1-2,2005-01-03 18:00:00,0.0
power,region1,free_transmission:region1-2,2005-01-03 19:00:00,0.0
power,region1,free_transmission:region1-2,2005-01-03 20:00:00,0.0
power,region1,free_transmission:region1-2,2005-01-03 21:00:00,0.0
power,region1,free_transmission:region1-2,2005-01-03 22:00:00,0.0
power,region1,free_transmission:region1-2,2005-01-03 23:00:00,0.0
power,region1,free_transmission:region1-2,2005-01-04 00:00:00,0.0
power,region1,free_transmission:region1-2,2005-01-04 01:00:00,0.0
power,region1,free_transmission:region1-2,2005-01-04 02:00:00,0.0
power,region1,free_transmission:region1-2,2005-01-04 03:00:00,0.0
power,region1,free_transmission:region1-2,2005-01-04 04:00:00,0.0
power,region1,free_transmission:region1-2,2005-01-04 05:00:00,0.0
power,region1,free_transmission:region1-2,2005-01-04 06:00:00,0.0
power,region1,free_transmission:region1-2,2005-01-04 07:00:00,0.0
power,region1,free_transmission:region1-2,2005-01-04 08:00:00,0.0
power,region1,free_transmission:region1-2,2005-01-04 09:00:00,0.0
power,region1,free_transmission:region1-2,2005-01-04 10:00:00,0.0
power,region1,free_transmission:region1-2,2005-01-04 11:00:00,0.0
power,region1,free_transmission:region1-2,2005-01-04 12:00:00,0.0
power,region1,free_transmission:region1-2,2005-01-04 13:00:00,0.0
power,region1,free_transmission:region1-2,2005-01-04 14:00:00,0.0
power,region1,free_transmission:region1-2,2005-01-04 15:00:00,0.0
power,region1,free_transmission:region1-2,2005-01-04 16:00:00,0.0
power,region1,free_transmission:region1-2,2005-01-04 17:00:00,0.0
power,region1,free_transmission:region1-2,2005-01-04 18:00:00,0.0
power,region1,free_transmission:region1-2,2005-01-04 19:00:00,0.0
power,region1,free_transmission:region1-2,2005-01-04 20:00:00,0.0
power,region1,free_transmission:region1-2,2005-01-04 21:00:00,0.0
power,region1,free_transmission:region1-2,2005-01-04 22:00:00,0.0
power,region1,free_transmission:region1-2,2005-01-04 23:00:00,0.0
power,region1,free_transmission:region1-2,2005-01-05 00:00:00,0.0
power,region1,free_transmission:region1-2,2005-01-05 01:00:00,0.0
power,region1,free_transmission:region1-2,2005-01-05 02:00:00,0.0
power,region1,free_transmission:region1-2,2005-01-05 03:00:00,0.0
power,region1,free_transmission:region1-2,2005-01-05 04:00:00,0.0
power,region1,free_transmission:region1-2,2005-01-05 05:00:00,0.0
power,region1,free_transmission:region1-2,2005-01-05 06:00:00,0.0
power,region1,free_transmission:region1-2,2005-01-05 07:00:00,0.0
power,region1,free_transmission:region1-2,2005-01-05 08:00:00,0.0
power,region1,free_transmission:region1-2,2005-01-05 09:00:00,0.0
power,region1,free_transmission:region1-2,2005-01-05 10:00:00,0.0
power,region1,free_transmission:region1-2,2005-01-05 11:00:00,0.0
power,region1,free_transmission:region1-2,2005-01-05 12:00:00,0.0
power,region1,free_transmission:region1-2,2005-01-05 13:00:00,0.0
power,region1,free_transmission:region1-2,2005-01-05 14:00:00,0.0
power,region1,free_transmission:region1-2,2005-01-05 15:00:00,0.0
power,region1,free_transmission:region1-2,2005-01-05 16:00:00,0.0
power,region1,free_transmission:region1-2,2005-01-05 17:00:00,0.0
power,region1,free_transmission:region1-2,2005-01-05 18:00:00,0.0
power,region1,free_transmission:region1-2,2005-01-05 19:00:00,0.0
power,region1,free_transmission:region1-2,2005-01-05 20:00:00,0.0
power,region1,free_transmission:region1-2,2005-01-05 21:00:00,0.0
power,region1,free_transmission:region1-2,2005-01-05 22:00:00,0.0
power,region1,free_transmission:region1-2,2005-01-05 23:00:00,0.0
power,region1,free_transmission:region1-3,2005-01-01 00:00:00,0.0
power,region1,free_transmission:region1-3,2005-01-01 01:00:00,0.0
power,region1,free_transmission:region1-3,2005-01-01 02:00:00,0.0
power,region1,free_transmission:region1-3,2005-01-01 03:00:00,0.0
power,region1,free_transmission:region1-3,2005-01-01 04:00:00,0.0
power,region1,free_transmission:region1-3,2005-01-01 05:00:00,0.0
power,region1,free_transmission:region1-3,2005-01-01 06:00:00,0.0
power,region1,free_transmission:region1-3,2005-01-01 07:00:00,0.0
power,region1,free_transmission:region1-3,2005-01-01 08:00:00,0.0
power,region1,free_transmission:region1-3,2005-01-01 09:00:00,0.0
power,region1,free_transmission:region1-3,2005-01-01 10:00:00,0.0
power,region1,free_transmission:region1-3,2005-01-01 11:00:00,0.0
power,region1,free_transmission:region1-3,2005-01-01 12:00:00,0.0
power,region1,free_transmission:region1-3,2005-01-01 13:00:00,0.0
power,region1,free_transmission:region1-3,2005-01-01 14:00:00,0.0
power,region1,free_transmission:region1-3,2005-01-01 15:00:00,0.0
power,region1,free_transmission:region1-3,2005-01-01 16:00:00,0.0
power,region1,free_transmission:region1-3,2005-01-01 17:00:00,0.0
power,region1,free_transmission:region1-3,2005-01-01 18:00:00,0.0
power,region1,free_transmission:region1-3,2005-01-01 19:00:00,0.0
power,region1,free_transmission:region1-3,2005-01-01 20:00:00,0.0
power,region1,free_transmission:region1-3,2005-01-01 21:00:00,0.0
power,region1,free_transmission:region1-3,2005-01-01 22:00:00,0.0
power,region1,free_transmission:region1-3,2005-01-01 23:00:00,0.0
power,region1,free_transmission:region1-3,2005-01-02 00:00:00,0.0
power,region1,free_transmission:region1-3,2005-01-02 01:00:00,0.0
power,region1,free_transmission:region1-3,2005-01-02 02:00:00,0.0
power,region1,free_transmission:region1-3,2005-01-02 03:00:00,0.0
power,region1,free_transmission:region1-3,2005-01-02 04:00:00,0.0
power,region1,free_transmission:region1-3,2005-01-02 05:00:00,0.0
power,region1,free_transmission:region1-3,2005-01-02 06:00:00,0.0
power,region1,free_transmission:region1-3,2005-01-02 07:00:00,0.0
power,region1,free_transmission:region1-3,2005-01-02 08:00:00,0.0
power,region1,free_transmission:region1-3,2005-01-02 09:00:00,0.0
power,region1,free_transmission:region1-3,2005-01-02 10:00:00,0.0
power,region1,free_transmission:region1-3,2005-01-02 11:00:00,0.0
power,region1,free_transmission:region1-3,2005-01-02 12:00:00,0.0
power,region1,free_transmission:region1-3,2005-01-02 13:00:00,0.0
power,region1,free_transmission:region1-3,2005-01-02 14:00:00,0.0
power,region1,free_transmission:region1-3,2005-01-02 15:00:00,0.0
power,region1,free_transmission:region1-3,2005-01-02 16:00:00,0.02906958987333328
power,region1,free_transmission:region1-3,2005-01-02 17:00:00,0.01607859970036239
power,region1,free_transmission:region1-3,2005-01-02 18:00:00,0.0
power,region1,free_transmission:region1-3,2005-01-02 19:00:00,0.0
power,region1,free_transmission:region1-3,2005-01-02 20:00:00,0.0
power,region1,free_transmission:region1-3,2005-01-02 21:00:00,0.0
power,region1,free_transmission:region1-3,2005-01-02 22:00:00,0.0
power,region1,free_transmission:region1-3,2005-01-02 23:00:00,0.0
power,region1,free_transmission:region1-3,2005-01-03 00:00:00,0.0
power,region1,free_transmission:region1-3,2005-01-03 01:00:00,0.0
power,region1,free_transmission:region1-3,2005-01-03 02:00:00,0.0
power,region1,free_transmission:region1-3,2005-01-03 03:00:00,0.0
power,region1,free_transmission:region1-3,2005-01-03 04:00:00,0.0
power,region1,free_transmission:region1-3,2005-01-03 05:00:00,0.0
power,region1,free_transmission:region1-3,2005-01-03 06:00:00,0.0
power,region1,free_transmission:region1-3,2005-01-03 07:00:00,0.0
power,region1,free_transmission:region1-3,2005-01-03 08:00:00,0.0
power,region1,free_transmission:region1-3,2005-01-03 09:00:00,0.0
power,region1,free_transmission:region1-3,2005-01-03 10:00:00,0.0
power,region1,free_transmission:region1-3,2005-01-03 11:00:00,0.0
power,region1,free_transmission:region1-3,2005-01-03 12:00:00,0.0
power,region1,free_transmission:region1-3,2005-01-03 13:00:00,0.0
power,region1,free_transmission:region1-3,2005-01-03 14:00:00,0.0
power,region1,free_transmission:region1-3,2005-01-03 15:00:00,0.095272213990616
power,region1,free_transmission:region1-3,2005-01-03 16:00:00,0.751761311811004
power,region1,free_transmission:region1-3,2005-01-03 17:00:00,0.6144054050707642
power,region1,free_transmission:region1-3,2005-01-03 18:00:00,0.0
power,region1,free_transmission:region1-3,2005-01-03 19:00:00,0.0
power,region1,free_transmission:region1-3,2005-01-03 20:00:00,0.0
power,region1,free_transmission:region1-3,2005-01-03 21:00:00,0.0
power,region1,free_transmission:region1-3,2005-01-03 22:00:00,0.0
power,region1,free_transmission:region1-3,2005-01-03 23:00:00,0.0
power,region1,free_transmission:region1-3,2005-01-04 00:00:00,0.0
power,region1,free_transmission:region1-3,2005-01-04 01:00:00,0.0
power,region1,free_transmission:region1-3,2005-01-04 02:00:00,0.0
power,region1,free_transmission:region1-3,2005-01-04 03:00:00,0.0
power,region1,free_transmission:region1-3,2005-01-04 04:00:00,0.0
power,region1,free_transmission:region1-3,2005-01-04 05:00:00,0.0
power,region1,free_transmission:region1-3,2005-01-04 06:00:00,0.0
power,region1,free_transmission:region1-3,2005-01-04 07:00:00,0.0
power,region1,free_transmission:region1-3,2005-01-04 08:00:00,0.0
power,region1,free_transmission:region1-3,2005-01-04 09:00:00,0.0
power,region1,free_transmission:region1-3,2005-01-04 10:00:00,0.0
power,region1,free_transmission:region1-3,2005-01-04 11:00:00,0.0
power,region1,free_transmission:region1-3,2005-01-04 12:00:00,0.0
power,region1,free_transmission:region1-3,2005-01-04 13:00:00,0.0
power,region1,free_transmission:region1-3,2005-01-04 14:00:00,0.0
power,region1,free_transmission:region1-3,2005-01-04 15:00:00,0.29043918263575724
power,region1,free_transmission:region1-3,2005-01-04 16:00:00,1.0
power,region1,free_transmission:region1-3,2005-01-04 17:00:00,0.8479588593880935
power,region1,free_transmission:region1-3,2005-01-04 18:00:00,0.07071558580384671
power,region1,free_transmission:region1-3,2005-01-04 19:00:00,0.0
power,region1,free_transmission:region1-3,2005-01-04 20:00:00,0.0
power,region1,free_transmission:region1-3,2005-01-04 21:00:00,0.0
power,region1,free_transmission:region1-3,2005-01-04 22:00:00,0.0
power,region1,free_transmission:region1-3,2005-01-04 23:00:00,0.0
power,region1,free_transmission:region1-3,2005-01-05 00:00:00,0.0
power,region1,free_transmission:region1-3,2005-01-05 01:00:00,0.0
power,region1,free_transmission:region1-3,2005-01-05 02:00:00,0.0
power,region1,free_transmission:region1-3,2005-01-05 03:00:00,0.0
power,region1,free_transmission:region1-3,2005-01-05 04:00:00,0.0
power,region1,free_transmission:region1-3,2005-01-05 05:00:00,0.0
power,region1,free_transmission:region1-3,2005-01-05 06:00:00,0.0
power,region1,free_transmission:region1-3,2005-01-05 07:00:00,0.0
power,region1,free_transmission:region1-3,2005-01-05 08:00:00,0.0
power,region1,free_transmission:region1-3,2005-01-05 09:00:00,0.0
power,region1,free_transmission:region1-3,2005-01-05 10:00:00,0.0
power,region1,free_transmission:region1-3,2005-01-05 11:00:00,0.0
power,region1,free_transmission:region1-3,2005-01-05 12:00:00,0.0
power,region1,free_transmission:region1-3,2005-01-05 13:00:00,0.0
power,region1,free_transmission:region1-3,2005-01-05 14:00:00,0.0
power,region1,free_transmission:region1-3,2005-01-05 15:00:00,0.403269209339186
power,region1,free_transmission:region1-3,2005-01-05 16:00:00,1.0
power,region1,free_transmission:region1-3,2005-01-05 17:00:00,0.8023455266600928
power,region1,free_transmission:region1-3,2005-01-05 18:00:00,0.040790825907690294
power,region1,free_transmission:region1-3,2005-01-05 19:00:00,0.0
power,region1,free_transmission:region1-3,2005-01-05 20:00:00,0.0
power,region1,free_transmission:region1-3,2005-01-05 21:00:00,0.0
power,region1,free_transmission:region1-3,2005-01-05 22:00:00,0.0
power,region1,free_transmission:region1-3,2005-01-05 23:00:00,0.0
power,region1-1,csp,2005-01-01 00:00:00,0.12287352367256898
power,region1-1,csp,2005-01-01 01:00:00,0.0
power,region1-1,csp,2005-01-01 02:00:00,0.0
power,region1-1,csp,2005-01-01 03:00:00,0.0
power,region1-1,csp,2005-01-01 04:00:00,0.0
power,region1-1,csp,2005-01-01 05:00:00,0.0
power,region1-1,csp,2005-01-01 06:00:00,0.0
power,region1-1,csp,2005-01-01 07:00:00,0.100419565248816
power,region1-1,csp,2005-01-01 08:00:00,0.9
power,region1-1,csp,2005-01-01 09:00:00,0.9
power,region1-1,csp,2005-01-01 10:00:00,0.9
power,region1-1,csp,2005-01-01 11:00:00,0.9
power,region1-1,csp,2005-01-01 12:00:00,0.9
power,region1-1,csp,2005-01-01 13:00:00,0.9
power,region1-1,csp,2005-01-01 14:00:00,0.9
power,region1-1,csp,2005-01-01 15:00:00,0.9
power,region1-1,csp,2005-01-01 16:00:00,0.9
power,region1-1,csp,2005-01-01 17:00:00,0.9
power,region1-1,csp,2005-01-01 18:00:00,0.9
power,region1-1,csp,2005-01-01 19:00:00,0.9
power,region1-1,csp,2005-01-01 20:00:00,0.9
power,region1-1,csp,2005-01-01 21:00:00,0.9
power,region1-1,csp,2005-01-01 22:00:00,0.9
power,region1-1,csp,2005-01-01 23:00:00,0.00948016154988742
power,region1-1,csp,2005-01-02 00:00:00,0.0
power,region1-1,csp,2005-01-02 01:00:00,0.0
power,region1-1,csp,2005-01-02 02:00:00,0.0
power,region1-1,csp,2005-01-02 03:00:00,0.0
power,region1-1,csp,2005-01-02 04:00:00,0.0
power,region1-1,csp,2005-01-02 05:00:00,0.18490494117647
power,region1-1,csp,2005-01-02 06:00:00,0.366599952941176
power,region1-1,csp,2005-01-02 07:00:00,0.489238447058823
power,region1-1,csp,2005-01-02 08:00:00,0.9
power,region1-1,csp,2005-01-02 09:00:00,0.9
power,region1-1,csp,2005-01-02 10:00:00,0.9
power,region1-1,csp,2005-01-02 11:00:00,0.9
power,region1-1,csp,2005-01-02 12:00:00,0.9
power,region1-1,csp,2005-01-02 13:00:00,0.9
power,region1-1,csp,2005-01-02 14:00:00,0.9
power,region1-1,csp,2005-01-02 15:00:00,0.9
power,region1-1,csp,2005-01-02 16:00:00,0.9
power,region1-1,csp,2005-01-02 17:00:00,0.9
power,region1-1,csp,2005-01-02 18:00:00,0.9
power,region1-1,csp,2005-01-02 19:00:00,0.9
power,region1-1,csp,2005-01-02 20:00:00,0.9
power,region1-1,csp,2005-01-02 21:00:00,0.626779078861552
power,region1-1,csp,2005-01-02 22:00:00,0.0893479999999995
power,region1-1,csp,2005-01-02 23:00:00,0.0
power,region1-1,csp,2005-01-03 00:00:00,0.0
power,region1-1,csp,2005-01-03 01:00:00,0.0
power,region1-1,csp,2005-01-03 02:00:00,0.0
power,region1-1,csp,2005-01-03 03:00:00,0.0
power,region1-1,csp,2005-01-03 04:00:00,0.16072414117647
power,region1-1,csp,2005-01-03 05:00:00,0.44709854117647
power,region1-1,csp,2005-01-03 06:00:00,0.642945552941176
power,region1-1,csp,2005-01-03 07:00:00,0.749140847058824
power,region1-1,csp,2005-01-03 08:00:00,0.81414720000009
power,region1-1,csp,2005-01-03 09:00:00,0.8436096
power,region1-1,csp,2005-01-03 10:00:00,0.817271152941176
power,region1-1,csp,2005-01-03 11:00:00,0.786557552941176
power,region1-1,csp,2005-01-03 12:00:00,0.77152974117647
power,region1-1,csp,2005-01-03 13:00:00,0.800925694117646
power,region1-1,csp,2005-01-03 14:00:00,0.892632047058823
power,region1-1,csp,2005-01-03 15:00:00,0.9
power,region1-1,csp,2005-01-03 16:00:00,0.9
power,region1-1,csp,2005-01-03 17:00:00,0.9
power,region1-1,csp,2005-01-03 18:00:00,0.9
power,region1-1,csp,2005-01-03 19:00:00,0.808324094117646
power,region1-1,csp,2005-01-03 20:00:00,0.631416894117647
power,region1-1,csp,2005-01-03 21:00:00,0.406536894117647
power,region1-1,csp,2005-01-03 22:00:00,0.22020889411764702
power,region1-1,csp,2005-01-03 23:00:00,0.0991912941176471
power,region1-1,csp,2005-01-04 00:00:00,0.026538494117647003
power,region1-1,csp,2005-01-04 01:00:00,0.0
power,region1-1,csp,2005-01-04 02:00:00,0.00954009411764711
power,region1-1,csp,2005-01-04 03:00:00,0.064327294117647
power,region1-1,csp,2005-01-04 04:00:00,0.25798118768127704
power,region1-1,csp,2005-01-04 05:00:00,0.508893741176471
power,region1-1,csp,2005-01-04 06:00:00,0.707726352941176
power,region1-1,csp,2005-01-04 07:00:00,0.811057647058824
power,region1-1,csp,2005-01-04 08:00:00,0.8726528
power,region1-1,csp,2005-01-04 09:00:00,0.9
power,region1-1,csp,2005-01-04 10:00:00,0.8854512925533651
power,region1-1,csp,2005-01-04 11:00:00,0.8535815529411761
power,region1-1,csp,2005-01-04 12:00:00,0.84046414117647
power,region1-1,csp,2005-01-04 13:00:00,0.8587800941176471
power,region1-1,csp,2005-01-04 14:00:00,0.9
power,region1-1,csp,2005-01-04 15:00:00,0.9
power,region1-1,csp,2005-01-04 16:00:00,0.9
power,region1-1,csp,2005-01-04 17:00:00,0.9
power,region1-1,csp,2005-01-04 18:00:00,0.9
power,region1-1,csp,2005-01-04 19:00:00,0.859460094117647
power,region1-1,csp,2005-01-04 20:00:00,0.687508094117647
power,region1-1,csp,2005-01-04 21:00:00,0.453591294117647
power,region1-1,csp,2005-01-04 22:00:00,0.259410494117647
power,region1-1,csp,2005-01-04 23:00:00,0.131461694117647
power,region1-1,csp,2005-01-05 00:00:00,0.060420094117647
power,region1-1,csp,2005-01-05 01:00:00,0.0336184941176472
power,region1-1,csp,2005-01-05 02:00:00,0.0456264941176471
power,region1-1,csp,2005-01-05 03:00:00,0.104378494117647
power,region1-1,csp,2005-01-05 04:00:00,0.330554494117647
power,region1-1,csp,2005-01-05 05:00:00,0.621056351311715
power,region1-1,csp,2005-01-05 06:00:00,0.762542352941177
power,region1-1,csp,2005-01-05 07:00:00,0.865923247058823
power,region1-1,csp,2005-01-05 08:00:00,0.9
power,region1-1,csp,2005-01-05 09:00:00,0.9
power,region1-1,csp,2005-01-05 10:00:00,0.9
power,region1-1,csp,2005-01-05 11:00:00,0.9
power,region1-1,csp,2005-01-05 12:00:00,0.9
power,region1-1,csp,2005-01-05 13:00:00,0.9
power,region1-1,csp,2005-01-05 14:00:00,0.9
power,region1-1,csp,2005-01-05 15:00:00,0.9
power,region1-1,csp,2005-01-05 16:00:00,0.9
power,region1-1,csp,2005-01-05 17:00:00,0.9
power,region1-1,csp,2005-01-05 18:00:00,0.9
power,region1-1,csp,2005-01-05 19:00:00,0.9
power,region1-1,csp,2005-01-05 20:00:00,0.9
power,region1-1,csp,2005-01-05 21:00:00,0.9
power,region1-1,csp,2005-01-05 22:00:00,0.9
power,region1-1,csp,2005-01-05 23:00:00,0.9
power,region1-1,free_transmission:region1,2005-01-01 00:00:00,0.0
power,region1-1,free_transmission:region1,2005-01-01 01:00:00,0.0
power,region1-1,free_transmission:region1,2005-01-01 02:00:00,0.0
power,region1-1,free_transmission:region1,2005-01-01 03:00:00,0.0
power,region1-1,free_transmission:region1,2005-01-01 04:00:00,0.0
power,region1-1,free_transmission:region1,2005-01-01 05:00:00,0.0
power,region1-1,free_transmission:region1,2005-01-01 06:00:00,0.0
power,region1-1,free_transmission:region1,2005-01-01 07:00:00,0.0
power,region1-1,free_transmission:region1,2005-01-01 08:00:00,0.0
power,region1-1,free_transmission:region1,2005-01-01 09:00:00,0.0
power,region1-1,free_transmission:region1,2005-01-01 10:00:00,0.0
power,region1-1,free_transmission:region1,2005-01-01 11:00:00,0.0
power,region1-1,free_transmission:region1,2005-01-01 12:00:00,0.0
power,region1-1,free_transmission:region1,2005-01-01 13:00:00,0.0
power,region1-1,free_transmission:region1,2005-01-01 14:00:00,0.0
power,region1-1,free_transmission:region1,2005-01-01 15:00:00,0.0
power,region1-1,free_transmission:region1,2005-01-01 16:00:00,0.0
power,region1-1,free_transmission:region1,2005-01-01 17:00:00,0.0
power,region1-1,free_transmission:region1,2005-01-01 18:00:00,0.0
power,region1-1,free_transmission:region1,2005-01-01 19:00:00,0.0
power,region1-1,free_transmission:region1,2005-01-01 20:00:00,0.0
power,region1-1,free_transmission:region1,2005-01-01 21:00:00,0.0
power,region1-1,free_transmission:region1,2005-01-01 22:00:00,0.0
power,region1-1,free_transmission:region1,2005-01-01 23:00:00,0.0
power,region1-1,free_transmission:region1,2005-01-02 00:00:00,0.0
power,region1-1,free_transmission:region1,2005-01-02 01:00:00,0.0
power,region1-1,free_transmission:region1,2005-01-02 02:00:00,0.0
power,region1-1,free_transmission:region1,2005-01-02 03:00:00,0.0
power,region1-1,free_transmission:region1,2005-01-02 04:00:00,0.0
power,region1-1,free_transmission:region1,2005-01-02 05:00:00,0.0
power,region1-1,free_transmission:region1,2005-01-02 06:00:00,0.0
power,region1-1,free_transmission:region1,2005-01-02 07:00:00,0.0
power,region1-1,free_transmission:region1,2005-01-02 08:00:00,0.0
power,region1-1,free_transmission:region1,2005-01-02 09:00:00,0.0
power,region1-1,free_transmission:region1,2005-01-02 10:00:00,0.0
power,region1-1,free_transmission:region1,2005-01-02 11:00:00,0.0
power,region1-1,free_transmission:region1,2005-01-02 12:00:00,0.0
power,region1-1,free_transmission:region1,2005-01-02 13:00:00,0.0
power,region1-1,free_transmission:region1,2005-01-02 14:00:00,0.0
power,region1-1,free_transmission:region1,2005-01-02 15:00:00,0.0
power,region1-1,free_transmission:region1,2005-01-02 16:00:00,0.0
power,region1-1,free_transmission:region1,2005-01-02 17:00:00,0.0
power,region1-1,free_transmission:region1,2005-01-02 18:00:00,0.0
power,region1-1,free_transmission:region1,2005-01-02 19:00:00,0.0
power,region1-1,free_transmission:region1,2005-01-02 20:00:00,0.0
power,region1-1,free_transmission:region1,2005-01-02 21:00:00,0.0
power,region1-1,free_transmission:region1,2005-01-02 22:00:00,0.0
power,region1-1,free_transmission:region1,2005-01-02 23:00:00,0.0
power,region1-1,free_transmission:region1,2005-01-03 00:00:00,0.0
power,region1-1,free_transmission:region1,2005-01-03 01:00:00,0.0
power,region1-1,free_transmission:region1,2005-01-03 02:00:00,0.0
power,region1-1,free_transmission:region1,2005-01-03 03:00:00,0.0
power,region1-1,free_transmission:region1,2005-01-03 04:00:00,0.0
power,region1-1,free_transmission:region1,2005-01-03 05:00:00,0.0
power,region1-1,free_transmission:region1,2005-01-03 06:00:00,0.0
power,region1-1,free_transmission:region1,2005-01-03 07:00:00,0.0
power,region1-1,free_transmission:region1,2005-01-03 08:00:00,0.0
power,region1-1,free_transmission:region1,2005-01-03 09:00:00,0.0
power,region1-1,free_transmission:region1,2005-01-03 10:00:00,0.0
power,region1-1,free_transmission:region1,2005-01-03 11:00:00,0.0
power,region1-1,free_transmission:region1,2005-01-03 12:00:00,0.0
power,region1-1,free_transmission:region1,2005-01-03 13:00:00,0.0
power,region1-1,free_transmission:region1,2005-01-03 14:00:00,0.0
power,region1-1,free_transmission:region1,2005-01-03 15:00:00,0.0
power,region1-1,free_transmission:region1,2005-01-03 16:00:00,0.0
power,region1-1,free_transmission:region1,2005-01-03 17:00:00,0.0
power,region1-1,free_transmission:region1,2005-01-03 18:00:00,0.0
power,region1-1,free_transmission:region1,2005-01-03 19:00:00,0.0
power,region1-1,free_transmission:region1,2005-01-03 20:00:00,0.0
power,region1-1,free_transmission:region1,2005-01-03 21:00:00,0.0
power,region1-1,free_transmission:region1,2005-01-03 22:00:00,0.0
power,region1-1,free_transmission:region1,2005-01-03 23:00:00,0.0
power,region1-1,free_transmission:region1,2005-01-04 00:00:00,0.0
power,region1-1,free_transmission:region1,2005-01-04 01:00:00,0.0
power,region1-1,free_transmission:region1,2005-01-04 02:00:00,0.0
power,region1-1,free_transmission:region1,2005-01-04 03:00:00,0.0
power,region1-1,free_transmission:region1,2005-01-04 04:00:00,0.0
power,region1-1,free_transmission:region1,2005-01-04 05:00:00,0.0
power,region1-1,free_transmission:region1,2005-01-04 06:00:00,0.0
power,region1-1,free_transmission:region1,2005-01-04 07:00:00,0.0
power,region1-1,free_transmission:region1,2005-01-04 08:00:00,0.0
power,region1-1,free_transmission:region1,2005-01-04 09:00:00,0.0
power,region1-1,free_transmission:region1,2005-01-04 10:00:00,0.0
power,region1-1,free_transmission:region1,2005-01-04 11:00:00,0.0
power,region1-1,free_transmission:region1,2005-01-04 12:00:00,0.0
power,region1-1,free_transmission:region1,2005-01-04 13:00:00,0.0
power,region1-1,free_transmission:region1,2005-01-04 14:00:00,0.0
power,region1-1,free_transmission:region1,2005-01-04 15:00:00,0.0
power,region1-1,free_transmission:region1,2005-01-04 16:00:00,0.0
power,region1-1,free_transmission:region1,2005-01-04 17:00:00,0.0
power,region1-1,free_transmission:region1,2005-01-04 18:00:00,0.0
power,region1-1,free_transmission:region1,2005-01-04 19:00:00,0.0
power,region1-1,free_transmission:region1,2005-01-04 20:00:00,0.0
power,region1-1,free_transmission:region1,2005-01-04 21:00:00,0.0
power,region1-1,free_transmission:region1,2005-01-04 22:00:00,0.0
power,region1-1,free_transmission:region1,2005-01-04 23:00:00,0.0
power,region1-1,free_transmission:region1,2005-01-05 00:00:00,0.0
power,region1-1,free_transmission:region1,2005-01-05 01:00:00,0.0
power,region1-1,free_transmission:region1,2005-01-05 02:00:00,0.0
power,region1-1,free_transmission:region1,2005-01-05 03:00:00,0.0
power,region1-1,free_transmission:region1,2005-01-05 04:00:00,0.0
power,region1-1,free_transmission:region1,2005-01-05 05:00:00,0.0
power,region1-1,free_transmission:region1,2005-01-05 06:00:00,0.0
power,region1-1,free_transmission:region1,2005-01-05 07:00:00,0.0
power,region1-1,free_transmission:region1,2005-01-05 08:00:00,0.0
power,region1-1,free_transmission:region1,2005-01-05 09:00:00,0.0
power,region1-1,free_transmission:region1,2005-01-05 10:00:00,0.0
power,region1-1,free_transmission:region1,2005-01-05 11:00:00,0.0
power,region1-1,free_transmission:region1,2005-01-05 12:00:00,0.0
power,region1-1,free_transmission:region1,2005-01-05 13:00:00,0.0
power,region1-1,free_transmission:region1,2005-01-05 14:00:00,0.0
power,region1-1,free_transmission:region1,2005-01-05 15:00:00,0.0
power,region1-1,free_transmission:region1,2005-01-05 16:00:00,0.0
power,region1-1,free_transmission:region1,2005-01-05 17:00:00,0.0
power,region1-1,free_transmission:region1,2005-01-05 18:00:00,0.0
power,region1-1,free_transmission:region1,2005-01-05 19:00:00,0.0
power,region1-1,free_transmission:region1,2005-01-05 20:00:00,0.0
power,region1-1,free_transmission:region1,2005-01-05 21:00:00,0.0
power,region1-1,free_transmission:region1,2005-01-05 22:00:00,0.0
power,region1-1,free_transmission:region1,2005-01-05 23:00:00,0.0
power,region1-2,csp,2005-01-01 00:00:00,0.0
power,region1-2,csp,2005-01-01 01:00:00,0.0
power,region1-2,csp,2005-01-01 02:00:00,0.0
power,region1-2,csp,2005-01-01 03:00:00,0.0
power,region1-2,csp,2005-01-01 04:00:00,0.0
power,region1-2,csp,2005-01-01 05:00:00,0.0
power,region1-2,csp,2005-01-01 06:00:00,0.0
power,region1-2,csp,2005-01-01 07:00:00,0.0
power,region1-2,csp,2005-01-01 08:00:00,0.0
power,region1-2,csp,2005-01-01 09:00:00,0.0
power,region1-2,csp,2005-01-01 10:00:00,0.0
power,region1-2,csp,2005-01-01 11:00:00,0.0
power,region1-2,csp,2005-01-01 12:00:00,0.0
power,region1-2,csp,2005-01-01 13:00:00,0.0
power,region1-2,csp,2005-01-01 14:00:00,0.0
power,region1-2,csp,2005-01-01 15:00:00,0.0
power,region1-2,csp,2005-01-01 16:00:00,0.0
power,region1-2,csp,2005-01-01 17:00:00,0.0
power,region1-2,csp,2005-01-01 18:00:00,0.0
power,region1-2,csp,2005-01-01 19:00:00,0.0
power,region1-2,csp,2005-01-01 20:00:00,0.0
power,region1-2,csp,2005-01-01 21:00:00,0.0
power,region1-2,csp,2005-01-01 22:00:00,0.0
power,region1-2,csp,2005-01-01 23:00:00,0.0
power,region1-2,csp,2005-01-02 00:00:00,0.0
power,region1-2,csp,2005-01-02 01:00:00,0.0
power,region1-2,csp,2005-01-02 02:00:00,0.0
power,region1-2,csp,2005-01-02 03:00:00,0.0
power,region1-2,csp,2005-01-02 04:00:00,0.0
power,region1-2,csp,2005-01-02 05:00:00,0.0
power,region1-2,csp,2005-01-02 06:00:00,0.0
power,region1-2,csp,2005-01-02 07:00:00,0.0
power,region1-2,csp,2005-01-02 08:00:00,0.0
power,region1-2,csp,2005-01-02 09:00:00,0.0
power,region1-2,csp,2005-01-02 10:00:00,0.0
power,region1-2,csp,2005-01-02 11:00:00,0.0
power,region1-2,csp,2005-01-02 12:00:00,0.0
power,region1-2,csp,2005-01-02 13:00:00,0.0
power,region1-2,csp,2005-01-02 14:00:00,0.0
power,region1-2,csp,2005-01-02 15:00:00,0.0
power,region1-2,csp,2005-01-02 16:00:00,0.0
power,region1-2,csp,2005-01-02 17:00:00,0.0
power,region1-2,csp,2005-01-02 18:00:00,0.0
power,region1-2,csp,2005-01-02 19:00:00,0.0
power,region1-2,csp,2005-01-02 20:00:00,0.0
power,region1-2,csp,2005-01-02 21:00:00,0.0
power,region1-2,csp,2005-01-02 22:00:00,0.0
power,region1-2,csp,2005-01-02 23:00:00,0.0
power,region1-2,csp,2005-01-03 00:00:00,0.0
power,region1-2,csp,2005-01-03 01:00:00,0.0
power,region1-2,csp,2005-01-03 02:00:00,0.0
power,region1-2,csp,2005-01-03 03:00:00,0.0
power,region1-2,csp,2005-01-03 04:00:00,0.0
power,region1-2,csp,2005-01-03 05:00:00,0.0
power,region1-2,csp,2005-01-03 06:00:00,0.0
power,region1-2,csp,2005-01-03 07:00:00,0.0
power,region1-2,csp,2005-01-03 08:00:00,0.0
power,region1-2,csp,2005-01-03 09:00:00,0.0
power,region1-2,csp,2005-01-03 10:00:00,0.0
power,region1-2,csp,2005-01-03 11:00:00,0.0
power,region1-2,csp,2005-01-03 12:00:00,0.0
power,region1-2,csp,2005-01-03 13:00:00,0.0
power,region1-2,csp,2005-01-03 14:00:00,0.0
power,region1-2,csp,2005-01-03 15:00:00,0.0
power,region1-2,csp,2005-01-03 16:00:00,-inf
power,region1-2,csp,2005-01-03 17:00:00,0.0
power,region1-2,csp,2005-01-03 18:00:00,0.0
power,region1-2,csp,2005-01-03 19:00:00,0.0
power,region1-2,csp,2005-01-03 20:00:00,0.0
power,region1-2,csp,2005-01-03 21:00:00,0.0
power,region1-2,csp,2005-01-03 22:00:00,0.0
power,region1-2,csp,2005-01-03 23:00:00,0.0
power,region1-2,csp,2005-01-04 00:00:00,0.0
power,region1-2,csp,2005-01-04 01:00:00,0.0
power,region1-2,csp,2005-01-04 02:00:00,0.0
power,region1-2,csp,2005-01-04 03:00:00,0.0
power,region1-2,csp,2005-01-04 04:00:00,0.0
power,region1-2,csp,2005-01-04 05:00:00,0.0
power,region1-2,csp,2005-01-04 06:00:00,0.0
power,region1-2,csp,2005-01-04 07:00:00,0.0
power,region1-2,csp,2005-01-04 08:00:00,0.0
power,region1-2,csp,2005-01-04 09:00:00,0.0
power,region1-2,csp,2005-01-04 10:00:00,0.0
power,region1-2,csp,2005-01-04 11:00:00,0.0
power,region1-2,csp,2005-01-04 12:00:00,0.0
power,region1-2,csp,2005-01-04 13:00:00,0.0
power,region1-2,csp,2005-01-04 14:00:00,0.0
power,region1-2,csp,2005-01-04 15:00:00,0.0
power,region1-2,csp,2005-01-04 16:00:00,0.0
power,region1-2,csp,2005-01-04 17:00:00,0.0
power,region1-2,csp,2005-01-04 18:00:00,0.0
power,region1-2,csp,2005-01-04 19:00:00,0.0
power,region1-2,csp,2005-01-04 20:00:00,0.0
power,region1-2,csp,2005-01-04 21:00:00,0.0
power,region1-2,csp,2005-01-04 22:00:00,0.0
power,region1-2,csp,2005-01-04 23:00:00,0.0
power,region1-2,csp,2005-01-05 00:00:00,0.0
power,region1-2,csp,2005-01-05 01:00:00,0.0
power,region1-2,csp,2005-01-05 02:00:00,0.0
power,region1-2,csp,2005-01-05 03:00:00,0.0
power,region1-2,csp,2005-01-05 04:00:00,0.0
power,region1-2,csp,2005-01-05 05:00:00,0.0
power,region1-2,csp,2005-01-05 06:00:00,0.0
power,region1-2,csp,2005-01-05 07:00:00,0.0
power,region1-2,csp,2005-01-05 08:00:00,0.0
power,region1-2,csp,2005-01-05 09:00:00,0.0
power,region1-2,csp,2005-01-05 10:00:00,0.0
power,region1-2,csp,2005-01-05 11:00:00,0.0
power,region1-2,csp,2005-01-05 12:00:00,0.0
power,region1-2,csp,2005-01-05 13:00:00,0.0
power,region1-2,csp,2005-01-05 14:00:00,0.0
power,region1-2,csp,2005-01-05 15:00:00,0.0
power,region1-2,csp,2005-01-05 16:00:00,0.0
power,region1-2,csp,2005-01-05 17:00:00,0.0
power,region1-2,csp,2005-01-05 18:00:00,0.0
power,region1-2,csp,2005-01-05 19:00:00,0.0
power,region1-2,csp,2005-01-05 20:00:00,0.0
power,region1-2,csp,2005-01-05 21:00:00,0.0
power,region1-2,csp,2005-01-05 22:00:00,0.0
power,region1-2,csp,2005-01-05 23:00:00,0.0
power,region1-2,free_transmission:region1,2005-01-01 00:00:00,0.0
power,region1-2,free_transmission:region1,2005-01-01 01:00:00,0.0
power,region1-2,free_transmission:region1,2005-01-01 02:00:00,0.0
power,region1-2,free_transmission:region1,2005-01-01 03:00:00,0.0
power,region1-2,free_transmission:region1,2005-01-01 04:00:00,0.0
power,region1-2,free_transmission:region1,2005-01-01 05:00:00,0.0
power,region1-2,free_transmission:region1,2005-01-01 06:00:00,0.0
power,region1-2,free_transmission:region1,2005-01-01 07:00:00,0.0
power,region1-2,free_transmission:region1,2005-01-01 08:00:00,0.0
power,region1-2,free_transmission:region1,2005-01-01 09:00:00,0.0
power,region1-2,free_transmission:region1,2005-01-01 10:00:00,0.0
power,region1-2,free_transmission:region1,2005-01-01 11:00:00,0.0
power,region1-2,free_transmission:region1,2005-01-01 12:00:00,0.0
power,region1-2,free_transmission:region1,2005-01-01 13:00:00,0.0
power,region1-2,free_transmission:region1,2005-01-01 14:00:00,0.0
power,region1-2,free_transmission:region1,2005-01-01 15:00:00,0.0
power,region1-2,free_transmission:region1,2005-01-01 16:00:00,0.0
power,region1-2,free_transmission:region1,2005-01-01 17:00:00,0.0
power,region1-2,free_transmission:region1,2005-01-01 18:00:00,0.0
power,region1-2,free_transmission:region1,2005-01-01 19:00:00,0.0
power,region1-2,free_transmission:region1,2005-01-01 20:00:00,0.0
power,region1-2,free_transmission:region1,2005-01-01 21:00:00,0.0
power,region1-2,free_transmission:region1,2005-01-01 22:00:00,0.0
power,region1-2,free_transmission:region1,2005-01-01 23:00:00,0.0
power,region1-2,free_transmission:region1,2005-01-02 00:00:00,0.0
power,region1-2,free_transmission:region1,2005-01-02 01:00:00,0.0
power,region1-2,free_transmission:region1,2005-01-02 02:00:00,0.0
power,region1-2,free_transmission:region1,2005-01-02 03:00:00,0.0
power,region1-2,free_transmission:region1,2005-01-02 04:00:00,0.0
power,region1-2,free_transmission:region1,2005-01-02 05:00:00,0.0
power,region1-2,free_transmission:region1,2005-01-02 06:00:00,0.0
power,region1-2,free_transmission:region1,2005-01-02 07:00:00,0.0
power,region1-2,free_transmission:region1,2005-01-02 08:00:00,0.0
power,region1-2,free_transmission:region1,2005-01-02 09:00:00,0.0
power,region1-2,free_transmission:region1,2005-01-02 10:00:00,0.0
power,region1-2,free_transmission:region1,2005-01-02 11:00:00,0.0
power,region1-2,free_transmission:region1,2005-01-02 12:00:00,0.0
power,region1-2,free_transmission:region1,2005-01-02 13:00:00,0.0
power,region1-2,free_transmission:region1,2005-01-02 14:00:00,0.0
power,region1-2,free_transmission:region1,2005-01-02 15:00:00,0.0
power,region1-2,free_transmission:region1,2005-01-02 16:00:00,0.0
power,region1-2,free_transmission:region1,2005-01-02 17:00:00,0.0
power,region1-2,free_transmission:region1,2005-01-02 18:00:00,0.0
power,region1-2,free_transmission:region1,2005-01-02 19:00:00,0.0
power,region1-2,free_transmission:region1,2005-01-02 20:00:00,0.0
power,region1-2,free_transmission:region1,2005-01-02 21:00:00,0.0
power,region1-2,free_transmission:region1,2005-01-02 22:00:00,0.0
power,region1-2,free_transmission:region1,2005-01-02 23:00:00,0.0
power,region1-2,free_transmission:region1,2005-01-03 00:00:00,0.0
power,region1-2,free_transmission:region1,2005-01-03 01:00:00,0.0
power,region1-2,free_transmission:region1,2005-01-03 02:00:00,0.0
power,region1-2,free_transmission:region1,2005-01-03 03:00:00,0.0
power,region1-2,free_transmission:region1,2005-01-03 04:00:00,0.0
power,region1-2,free_transmission:region1,2005-01-03 05:00:00,0.0
power,region1-2,free_transmission:region1,2005-01-03 06:00:00,0.0
power,region1-2,free_transmission:region1,2005-01-03 07:00:00,0.0
power,region1-2,free_transmission:region1,2005-01-03 08:00:00,0.0
power,region1-2,free_transmission:region1,2005-01-03 09:00:00,0.0
power,region1-2,free_transmission:region1,2005-01-03 10:00:00,0.0
power,region1-2,free_transmission:region1,2005-01-03 11:00:00,0.0
power,region1-2,free_transmission:region1,2005-01-03 12:00:00,0.0
power,region1-2,free_transmission:region1,2005-01-03 13:00:00,0.0
power,region1-2,free_transmission:region1,2005-01-03 14:00:00,0.0
power,region1-2,free_transmission:region1,2005-01-03 15:00:00,0.0
power,region1-2,free_transmission:region1,2005-01-03 16:00:00,0.0
power,region1-2,free_transmission:region1,2005-01-03 17:00:00,0.0
power,region1-2,free_transmission:region1,2005-01-03 18:00:00,0.0
power,region1-2,free_transmission:region1,2005-01-03 19:00:00,0.0
power,region1-2,free_transmission:region1,2005-01-03 20:00:00,0.0
power,region1-2,free_transmission:region1,2005-01-03 21:00:00,0.0
power,region1-2,free_transmission:region1,2005-01-03 22:00:00,0.0
power,region1-2,free_transmission:region1,2005-01-03 23:00:00,0.0
power,region1-2,free_transmission:region1,2005-01-04 00:00:00,0.0
power,region1-2,free_transmission:region1,2005-01-04 01:00:00,0.0
power,region1-2,free_transmission:region1,2005-01-04 02:00:00,0.0
power,region1-2,free_transmission:region1,2005-01-04 03:00:00,0.0
power,region1-2,free_transmission:region1,2005-01-04 04:00:00,0.0
power,region1-2,free_transmission:region1,2005-01-04 05:00:00,0.0
power,region1-2,free_transmission:region1,2005-01-04 06:00:00,0.0
power,region1-2,free_transmission:region1,2005-01-04 07:00:00,0.0
power,region1-2,free_transmission:region1,2005-01-04 08:00:00,0.0
power,region1-2,free_transmission:region1,2005-01-04 09:00:00,0.0
power,region1-2,free_transmission:region1,2005-01-04 10:00:00,0.0
power,region1-2,free_transmission:region1,2005-01-04 11:00:00,0.0
power,region1-2,free_transmission:region1,2005-01-04 12:00:00,0.0
power,region1-2,free_transmission:region1,2005-01-04 13:00:00,0.0
power,region1-2,free_transmission:region1,2005-01-04 14:00:00,0.0
power,region1-2,free_transmission:region1,2005-01-04 15:00:00,0.0
power,region1-2,free_transmission:region1,2005-01-04 16:00:00,0.0
power,region1-2,free_transmission:region1,2005-01-04 17:00:00,0.0
power,region1-2,free_transmission:region1,2005-01-04 18:00:00,0.0
power,region1-2,free_transmission:region1,2005-01-04 19:00:00,0.0
power,region1-2,free_transmission:region1,2005-01-04 20:00:00,0.0
power,region1-2,free_transmission:region1,2005-01-04 21:00:00,0.0
power,region1-2,free_transmission:region1,2005-01-04 22:00:00,0.0
power,region1-2,free_transmission:region1,2005-01-04 23:00:00,0.0
power,region1-2,free_transmission:region1,2005-01-05 00:00:00,0.0
power,region1-2,free_transmission:region1,2005-01-05 01:00:00,0.0
power,region1-2,free_transmission:region1,2005-01-05 02:00:00,0.0
power,region1-2,free_transmission:region1,2005-01-05 03:00:00,0.0
power,region1-2,free_transmission:region1,2005-01-05 04:00:00,0.0
power,region1-2,free_transmission:region1,2005-01-05 05:00:00,0.0
power,region1-2,free_transmission:region1,2005-01-05 06:00:00,0.0
power,region1-2,free_transmission:region1,2005-01-05 07:00:00,0.0
power,region1-2,free_transmission:region1,2005-01-05 08:00:00,0.0
power,region1-2,free_transmission:region1,2005-01-05 09:00:00,0.0
power,region1-2,free_transmission:region1,2005-01-05 10:00:00,0.0
power,region1-2,free_transmission:region1,2005-01-05 11:00:00,0.0
power,region1-2,free_transmission:region1,2005-01-05 12:00:00,0.0
power,region1-2,free_transmission:region1,2005-01-05 13:00:00,0.0
power,region1-2,free_transmission:region1,2005-01-05 14:00:00,0.0
power,region1-2,free_transmission:region1,2005-01-05 15:00:00,0.0
power,region1-2,free_transmission:region1,2005-01-05 16:00:00,0.0
power,region1-2,free_transmission:region1,2005-01-05 17:00:00,0.0
power,region1-2,free_transmission:region1,2005-01-05 18:00:00,0.0
power,region1-2,free_transmission:region1,2005-01-05 19:00:00,0.0
power,region1-2,free_transmission:region1,2005-01-05 20:00:00,0.0
power,region1-2,free_transmission:region1,2005-01-05 21:00:00,0.0
power,region1-2,free_transmission:region1,2005-01-05 22:00:00,0.0
power,region1-2,free_transmission:region1,2005-01-05 23:00:00,0.0
power,region1-3,csp,2005-01-01 00:00:00,0.0
power,region1-3,csp,2005-01-01 01:00:00,0.0
power,region1-3,csp,2005-01-01 02:00:00,0.0
power,region1-3,csp,2005-01-01 03:00:00,0.0
power,region1-3,csp,2005-01-01 04:00:00,0.0
power,region1-3,csp,2005-01-01 05:00:00,0.0
power,region1-3,csp,2005-01-01 06:00:00,0.0
power,region1-3,csp,2005-01-01 07:00:00,0.0
power,region1-3,csp,2005-01-01 08:00:00,0.0
power,region1-3,csp,2005-01-01 09:00:00,0.0
power,region1-3,csp,2005-01-01 10:00:00,0.0
power,region1-3,csp,2005-01-01 11:00:00,0.0
power,region1-3,csp,2005-01-01 12:00:00,0.0
power,region1-3,csp,2005-01-01 13:00:00,0.0
power,region1-3,csp,2005-01-01 14:00:00,0.0
power,region1-3,csp,2005-01-01 15:00:00,0.0
power,region1-3,csp,2005-01-01 16:00:00,0.0
power,region1-3,csp,2005-01-01 17:00:00,0.0
power,region1-3,csp,2005-01-01 18:00:00,0.0
power,region1-3,csp,2005-01-01 19:00:00,0.0
power,region1-3,csp,2005-01-01 20:00:00,0.0
power,region1-3,csp,2005-01-01 21:00:00,0.0
power,region1-3,csp,2005-01-01 22:00:00,0.0
power,region1-3,csp,2005-01-01 23:00:00,0.0
power,region1-3,csp,2005-01-02 00:00:00,0.0
power,region1-3,csp,2005-01-02 01:00:00,0.0
power,region1-3,csp,2005-01-02 02:00:00,0.0
power,region1-3,csp,2005-01-02 03:00:00,0.0
power,region1-3,csp,2005-01-02 04:00:00,0.0
power,region1-3,csp,2005-01-02 05:00:00,0.0
power,region1-3,csp,2005-01-02 06:00:00,0.0
power,region1-3,csp,2005-01-02 07:00:00,0.0
power,region1-3,csp,2005-01-02 08:00:00,0.0
power,region1-3,csp,2005-01-02 09:00:00,0.0
power,region1-3,csp,2005-01-02 10:00:00,0.0
power,region1-3,csp,2005-01-02 11:00:00,0.0
power,region1-3,csp,2005-01-02 12:00:00,0.0
power,region1-3,csp,2005-01-02 13:00:00,0.0
power,region1-3,csp,2005-01-02 14:00:00,0.0
power,region1-3,csp,2005-01-02 15:00:00,0.0
power,region1-3,csp,2005-01-02 16:00:00,0.02616263088599992
power,region1-3,csp,2005-01-02 17:00:00,0.01447073973032613
power,region1-3,csp,2005-01-02 18:00:00,0.0
power,region1-3,csp,2005-01-02 19:00:00,0.0
power,region1-3,csp,2005-01-02 20:00:00,0.0
power,region1-3,csp,2005-01-02 21:00:00,0.0
power,region1-3,csp,2005-01-02 22:00:00,0.0
power,region1-3,csp,2005-01-02 23:00:00,0.0
power,region1-3,csp,2005-01-03 00:00:00,0.0
power,region1-3,csp,2005-01-03 01:00:00,0.0
power,region1-3,csp,2005-01-03 02:00:00,0.0
power,region1-3,csp,2005-01-03 03:00:00,0.0
power,region1-3,csp,2005-01-03 04:00:00,0.0
power,region1-3,csp,2005-01-03 05:00:00,0.0
power,region1-3,csp,2005-01-03 06:00:00,0.0
power,region1-3,csp,2005-01-03 07:00:00,0.0
power,region1-3,csp,2005-01-03 08:00:00,0.0
power,region1-3,csp,2005-01-03 09:00:00,0.0
power,region1-3,csp,2005-01-03 10:00:00,0.0
power,region1-3,csp,2005-01-03 11:00:00,0.0
power,region1-3,csp,2005-01-03 12:00:00,0.0
power,region1-3,csp,2005-01-03 13:00:00,0.0
power,region1-3,csp,2005-01-03 14:00:00,0.0
power,region1-3,csp,2005-01-03 15:00:00,0.0857449925915543
power,region1-3,csp,2005-01-03 16:00:00,0.6765851806299027
power,region1-3,csp,2005-01-03 17:00:00,0.5529648645636871
power,region1-3,csp,2005-01-03 18:00:00,0.0
power,region1-3,csp,2005-01-03 19:00:00,0.0
power,region1-3,csp,2005-01-03 20:00:00,0.0
power,region1-3,csp,2005-01-03 21:00:00,0.0
power,region1-3,csp,2005-01-03 22:00:00,0.0
power,region1-3,csp,2005-01-03 23:00:00,0.0
power,region1-3,csp,2005-01-04 00:00:00,0.0
power,region1-3,csp,2005-01-04 01:00:00,0.0
power,region1-3,csp,2005-01-04 02:00:00,0.0
power,region1-3,csp,2005-01-04 03:00:00,0.0
power,region1-3,csp,2005-01-04 04:00:00,0.0
power,region1-3,csp,2005-01-04 05:00:00,0.0
power,region1-3,csp,2005-01-04 06:00:00,0.0
power,region1-3,csp,2005-01-04 07:00:00,0.0
power,region1-3,csp,2005-01-04 08:00:00,0.0
power,region1-3,csp,2005-01-04 09:00:00,0.0
power,region1-3,csp,2005-01-04 10:00:00,0.0
power,region1-3,csp,2005-01-04 11:00:00,0.0
power,region1-3,csp,2005-01-04 12:00:00,0.0
power,region1-3,csp,2005-01-04 13:00:00,0.0
power,region1-3,csp,2005-01-04 14:00:00,0.0
power,region1-3,csp,2005-01-04 15:00:00,0.2613952643721812
power,region1-3,csp,2005-01-04 16:00:00,0.8717605689026819
power,region1-3,csp,2005-01-04 17:00:00,0.7631629734492831
power,region1-3,csp,2005-01-04 18:00:00,0.06364402722346195
power,region1-3,csp,2005-01-04 19:00:00,0.0
power,region1-3,csp,2005-01-04 20:00:00,0.0
power,region1-3,csp,2005-01-04 21:00:00,0.0
power,region1-3,csp,2005-01-04 22:00:00,0.0
power,region1-3,csp,2005-01-04 23:00:00,0.0
power,region1-3,csp,2005-01-05 00:00:00,0.0
power,region1-3,csp,2005-01-05 01:00:00,0.0
power,region1-3,csp,2005-01-05 02:00:00,0.0
power,region1-3,csp,2005-01-05 03:00:00,0.0
power,region1-3,csp,2005-01-05 04:00:00,0.0
power,region1-3,csp,2005-01-05 05:00:00,0.0
power,region1-3,csp,2005-01-05 06:00:00,0.0
power,region1-3,csp,2005-01-05 07:00:00,0.0
power,region1-3,csp,2005-01-05 08:00:00,0.0
power,region1-3,csp,2005-01-05 09:00:00,0.0
power,region1-3,csp,2005-01-05 10:00:00,0.0
power,region1-3,csp,2005-01-05 11:00:00,0.0
power,region1-3,csp,2005-01-05 12:00:00,0.0
power,region1-3,csp,2005-01-05 13:00:00,0.0
power,region1-3,csp,2005-01-05 14:00:00,0.0
power,region1-3,csp,2005-01-05 15:00:00,0.3629422884052669
power,region1-3,csp,2005-01-05 16:00:00,0.8999999999999988
power,region1-3,csp,2005-01-05 17:00:00,0.7221109739940826
power,region1-3,csp,2005-01-05 18:00:00,0.036711743316921217
power,region1-3,csp,2005-01-05 19:00:00,0.0
power,region1-3,csp,2005-01-05 20:00:00,0.0
power,region1-3,csp,2005-01-05 21:00:00,0.0
power,region1-3,csp,2005-01-05 22:00:00,0.0
power,region1-3,csp,2005-01-05 23:00:00,0.0
power,region1-3,free_transmission:region1,2005-01-01 00:00:00,0.0
power,region1-3,free_transmission:region1,2005-01-01 01:00:00,0.0
power,region1-3,free_transmission:region1,2005-01-01 02:00:00,0.0
power,region1-3,free_transmission:region1,2005-01-01 03:00:00,0.0
power,region1-3,free_transmission:region1,2005-01-01 04:00:00,0.0
power,region1-3,free_transmission:region1,2005-01-01 05:00:00,0.0
power,region1-3,free_transmission:region1,2005-01-01 06:00:00,0.0
power,region1-3,free_transmission:region1,2005-01-01 07:00:00,0.0
power,region1-3,free_transmission:region1,2005-01-01 08:00:00,0.0
power,region1-3,free_transmission:region1,2005-01-01 09:00:00,0.0
power,region1-3,free_transmission:region1,2005-01-01 10:00:00,0.0
power,region1-3,free_transmission:region1,2005-01-01 11:00:00,0.0
power,region1-3,free_transmission:region1,2005-01-01 12:00:00,0.0
power,region1-3,free_transmission:region1,2005-01-01 13:00:00,0.0
power,region1-3,free_transmission:region1,2005-01-01 14:00:00,0.0
power,region1-3,free_transmission:region1,2005-01-01 15:00:00,0.0
power,region1-3,free_transmission:region1,2005-01-01 16:00:00,0.0
power,region1-3,free_transmission:region1,2005-01-01 17:00:00,0.0
power,region1-3,free_transmission:region1,2005-01-01 18:00:00,0.0
power,region1-3,free_transmission:region1,2005-01-01 19:00:00,0.0
power,region1-3,free_transmission:region1,2005-01-01 20:00:00,0.0
power,region1-3,free_transmission:region1,2005-01-01 21:00:00,0.0
power,region1-3,free_transmission:region1,2005-01-01 22:00:00,0.0
power,region1-3,free_transmission:region1,2005-01-01 23:00:00,0.0
power,region1-3,free_transmission:region1,2005-01-02 00:00:00,0.0
power,region1-3,free_transmission:region1,2005-01-02 01:00:00,0.0
power,region1-3,free_transmission:region1,2005-01-02 02:00:00,0.0
power,region1-3,free_transmission:region1,2005-01-02 03:00:00,0.0
power,region1-3,free_transmission:region1,2005-01-02 04:00:00,0.0
power,region1-3,free_transmission:region1,2005-01-02 05:00:00,0.0
power,region1-3,free_transmission:region1,2005-01-02 06:00:00,0.0
power,region1-3,free_transmission:region1,2005-01-02 07:00:00,0.0
power,region1-3,free_transmission:region1,2005-01-02 08:00:00,0.0
power,region1-3,free_transmission:region1,2005-01-02 09:00:00,0.0
power,region1-3,free_transmission:region1,2005-01-02 10:00:00,0.0
power,region1-3,free_transmission:region1,2005-01-02 11:00:00,0.0
power,region1-3,free_transmission:region1,2005-01-02 12:00:00,0.0
power,region1-3,free_transmission:region1,2005-01-02 13:00:00,0.0
power,region1-3,free_transmission:region1,2005-01-02 14:00:00,0.0
power,region1-3,free_transmission:region1,2005-01-02 15:00:00,0.0
power,region1-3,free_transmission:region1,2005-01-02 16:00:00,0.0
power,region1-3,free_transmission:region1,2005-01-02 17:00:00,0.0
power,region1-3,free_transmission:region1,2005-01-02 18:00:00,0.0
power,region1-3,free_transmission:region1,2005-01-02 19:00:00,0.0
power,region1-3,free_transmission:region1,2005-01-02 20:00:00,0.0
power,region1-3,free_transmission:region1,2005-01-02 21:00:00,0.0
power,region1-3,free_transmission:region1,2005-01-02 22:00:00,0.0
power,region1-3,free_transmission:region1,2005-01-02 23:00:00,0.0
power,region1-3,free_transmission:region1,2005-01-03 00:00:00,0.0
power,region1-3,free_transmission:region1,2005-01-03 01:00:00,0.0
power,region1-3,free_transmission:region1,2005-01-03 02:00:00,0.0
power,region1-3,free_transmission:region1,2005-01-03 03:00:00,0.0
power,region1-3,free_transmission:region1,2005-01-03 04:00:00,0.0
power,region1-3,free_transmission:region1,2005-01-03 05:00:00,0.0
power,region1-3,free_transmission:region1,2005-01-03 06:00:00,0.0
power,region1-3,free_transmission:region1,2005-01-03 07:00:00,0.0
power,region1-3,free_transmission:region1,2005-01-03 08:00:00,0.0
power,region1-3,free_transmission:region1,2005-01-03 09:00:00,0.0
power,region1-3,free_transmission:region1,2005-01-03 10:00:00,0.0
power,region1-3,free_transmission:region1,2005-01-03 11:00:00,0.0
power,region1-3,free_transmission:region1,2005-01-03 12:00:00,0.0
power,region1-3,free_transmission:region1,2005-01-03 13:00:00,0.0
power,region1-3,free_transmission:region1,2005-01-03 14:00:00,0.0
power,region1-3,free_transmission:region1,2005-01-03 15:00:00,0.0
power,region1-3,free_transmission:region1,2005-01-03 16:00:00,0.0
power,region1-3,free_transmission:region1,2005-01-03 17:00:00,0.0
power,region1-3,free_transmission:region1,2005-01-03 18:00:00,0.0
power,region1-3,free_transmission:region1,2005-01-03 19:00:00,0.0
power,region1-3,free_transmission:region1,2005-01-03 20:00:00,0.0
power,region1-3,free_transmission:region1,2005-01-03 21:00:00,0.0
power,region1-3,free_transmission:region1,2005-01-03 22:00:00,0.0
power,region1-3,free_transmission:region1,2005-01-03 23:00:00,0.0
power,region1-3,free_transmission:region1,2005-01-04 00:00:00,0.0
power,region1-3,free_transmission:region1,2005-01-04 01:00:00,0.0
power,region1-3,free_transmission:region1,2005-01-04 02:00:00,0.0
power,region1-3,free_transmission:region1,2005-01-04 03:00:00,0.0
power,region1-3,free_transmission:region1,2005-01-04 04:00:00,0.0
power,region1-3,free_transmission:region1,2005-01-04 05:00:00,0.0
power,region1-3,free_transmission:region1,2005-01-04 06:00:00,0.0
power,region1-3,free_transmission:region1,2005-01-04 07:00:00,0.0
power,region1-3,free_transmission:region1,2005-01-04 08:00:00,0.0
power,region1-3,free_transmission:region1,2005-01-04 09:00:00,0.0
power,region1-3,free_transmission:region1,2005-01-04 10:00:00,0.0
power,region1-3,free_transmission:region1,2005-01-04 11:00:00,0.0
power,region1-3,free_transmission:region1,2005-01-04 12:00:00,0.0
power,region1-3,free_transmission:region1,2005-01-04 13:00:00,0.0
power,region1-3,free_transmission:region1,2005-01-04 14:00:00,0.0
power,region1-3,free_transmission:region1,2005-01-04 15:00:00,0.0
power,region1-3,free_transmission:region1,2005-01-04 16:00:00,0.03137714566368582
power,region1-3,free_transmission:region1,2005-01-04 17:00:00,0.0
power,region1-3,free_transmission:region1,2005-01-04 18:00:00,0.0
power,region1-3,free_transmission:region1,2005-01-04 19:00:00,0.0
power,region1-3,free_transmission:region1,2005-01-04 20:00:00,0.0
power,region1-3,free_transmission:region1,2005-01-04 21:00:00,0.0
power,region1-3,free_transmission:region1,2005-01-04 22:00:00,0.0
power,region1-3,free_transmission:region1,2005-01-04 23:00:00,0.0
power,region1-3,free_transmission:region1,2005-01-05 00:00:00,0.0
power,region1-3,free_transmission:region1,2005-01-05 01:00:00,0.0
power,region1-3,free_transmission:region1,2005-01-05 02:00:00,0.0
power,region1-3,free_transmission:region1,2005-01-05 03:00:00,0.0
power,region1-3,free_transmission:region1,2005-01-05 04:00:00,0.0
power,region1-3,free_transmission:region1,2005-01-05 05:00:00,0.0
power,region1-3,free_transmission:region1,2005-01-05 06:00:00,0.0
power,region1-3,free_transmission:region1,2005-01-05 07:00:00,0.0
power,region1-3,free_transmission:region1,2005-01-05 08:00:00,0.0
power,region1-3,free_transmission:region1,2005-01-05 09:00:00,0.0
power,region1-3,free_transmission:region1,2005-01-05 10:00:00,0.0
power,region1-3,free_transmission:region1,2005-01-05 11:00:00,0.0
power,region1-3,free_transmission:region1,2005-01-05 12:00:00,0.0
power,region1-3,free_transmission:region1,2005-01-05 13:00:00,0.0
power,region1-3,free_transmission:region1,2005-01-05 14:00:00,0.0
power,region1-3,free_transmission:region1,2005-01-05 15:00:00,0.0
power,region1-3,free_transmission:region1,2005-01-05 16:00:00,0.0
power,region1-3,free_transmission:region1,2005-01-05 17:00:00,0.0
power,region1-3,free_transmission:region1,2005-01-05 18:00:00,0.0
power,region1-3,free_transmission:region1,2005-01-05 19:00:00,0.0
power,region1-3,free_transmission:region1,2005-01-05 20:00:00,0.0
power,region1-3,free_transmission:region1,2005-01-05 21:00:00,0.0
power,region1-3,free_transmission:region1,2005-01-05 22:00:00,0.0
power,region1-3,free_transmission:region1,2005-01-05 23:00:00,0.0
power,region2,ac_transmission:region1,2005-01-01 00:00:00,0.6977609907418401
power,region2,ac_transmission:region1,2005-01-01 01:00:00,0.6597015479794983
power,region2,ac_transmission:region1,2005-01-01 02:00:00,0.6470148606905857
power,region2,ac_transmission:region1,2005-01-01 03:00:00,0.6597015479794983
power,region2,ac_transmission:region1,2005-01-01 04:00:00,0.672388235268411
power,region2,ac_transmission:region1,2005-01-01 05:00:00,0.672388235268411
power,region2,ac_transmission:region1,2005-01-01 06:00:00,0.6850743034529274
power,region2,ac_transmission:region1,2005-01-01 07:00:00,0.7104476780307528
power,region2,ac_transmission:region1,2005-01-01 08:00:00,0.7611938080820074
power,region2,ac_transmission:region1,2005-01-01 09:00:00,0.7611938080820074
power,region2,ac_transmission:region1,2005-01-01 10:00:00,0.7485071207930948
power,region2,ac_transmission:region1,2005-01-01 11:00:00,0.8500000000000001
power,region2,ac_transmission:region1,2005-01-01 12:00:00,0.8500000000000001
power,region2,ac_transmission:region1,2005-01-01 13:00:00,0.7231343653196655
power,region2,ac_transmission:region1,2005-01-01 14:00:00,0.8500000000000001
power,region2,ac_transmission:region1,2005-01-01 15:00:00,0.8500000000000001
power,region2,ac_transmission:region1,2005-01-01 16:00:00,0.8500000000000001
power,region2,ac_transmission:region1,2005-01-01 17:00:00,0.8500000000000001
power,region2,ac_transmission:region1,2005-01-01 18:00:00,0.8500000000000001
power,region2,ac_transmission:region1,2005-01-01 19:00:00,0.8500000000000001
power,region2,ac_transmission:region1,2005-01-01 20:00:00,0.8119399381332619
power,region2,ac_transmission:region1,2005-01-01 21:00:00,0.7611938080820074
power,region2,ac_transmission:region1,2005-01-01 22:00:00,0.6977609907418401
power,region2,ac_transmission:region1,2005-01-01 23:00:00,0.8173950268042887
power,region2,ac_transmission:region1,2005-01-02 00:00:00,0.8500000000000001
power,region2,ac_transmission:region1,2005-01-02 01:00:00,0.8500000000000001
power,region2,ac_transmission:region1,2005-01-02 02:00:00,0.6470148606905857
power,region2,ac_transmission:region1,2005-01-02 03:00:00,0.8500000000000001
power,region2,ac_transmission:region1,2005-01-02 04:00:00,0.672388235268411
power,region2,ac_transmission:region1,2005-01-02 05:00:00,0.672388235268411
power,region2,ac_transmission:region1,2005-01-02 06:00:00,0.6850743034529274
power,region2,ac_transmission:region1,2005-01-02 07:00:00,0.7104476780307528
power,region2,ac_transmission:region1,2005-01-02 08:00:00,0.8500000000000001
power,region2,ac_transmission:region1,2005-01-02 09:00:00,0.8500000000000001
power,region2,ac_transmission:region1,2005-01-02 10:00:00,0.8500000000000001
power,region2,ac_transmission:region1,2005-01-02 11:00:00,0.8500000000000001
power,region2,ac_transmission:region1,2005-01-02 12:00:00,0.7358210526085783
power,region2,ac_transmission:region1,2005-01-02 13:00:00,0.8500000000000001
power,region2,ac_transmission:region1,2005-01-02 14:00:00,0.8500000000000001
power,region2,ac_transmission:region1,2005-01-02 15:00:00,0.8500000000000001
power,region2,ac_transmission:region1,2005-01-02 16:00:00,0.5911939319028866
power,region2,ac_transmission:region1,2005-01-02 17:00:00,0.578507244613974
power,region2,ac_transmission:region1,2005-01-02 18:00:00,0.8500000000000001
power,region2,ac_transmission:region1,2005-01-02 19:00:00,0.8500000000000001
power,region2,ac_transmission:region1,2005-01-02 20:00:00,0.8500000000000001
power,region2,ac_transmission:region1,2005-01-02 21:00:00,0.8500000000000001
power,region2,ac_transmission:region1,2005-01-02 22:00:00,0.6977609907418401
power,region2,ac_transmission:region1,2005-01-02 23:00:00,0.7665740729275845
power,region2,ac_transmission:region1,2005-01-03 00:00:00,0.8500000000000001
power,region2,ac_transmission:region1,2005-01-03 01:00:00,0.8500000000000001
power,region2,ac_transmission:region1,2005-01-03 02:00:00,0.6470148606905857
power,region2,ac_transmission:region1,2005-01-03 03:00:00,0.8342169599978289
power,region2,ac_transmission:region1,2005-01-03 04:00:00,0.672388235268411
power,region2,ac_transmission:region1,2005-01-03 05:00:00,0.672388235268411
power,region2,ac_transmission:region1,2005-01-03 06:00:00,0.6850743034529274
power,region2,ac_transmission:region1,2005-01-03 07:00:00,0.7104476780307528
power,region2,ac_transmission:region1,2005-01-03 08:00:00,0.7611938080820074
power,region2,ac_transmission:region1,2005-01-03 09:00:00,0.7611938080820074
power,region2,ac_transmission:region1,2005-01-03 10:00:00,0.7485071207930948
power,region2,ac_transmission:region1,2005-01-03 11:00:00,0.7485071207930948
power,region2,ac_transmission:region1,2005-01-03 12:00:00,0.7358210526085783
power,region2,ac_transmission:region1,2005-01-03 13:00:00,0.7231343653196655
power,region2,ac_transmission:region1,2005-01-03 14:00:00,0.7104476780307528
power,region2,ac_transmission:region1,2005-01-03 15:00:00,0.4516416099336394
power,region2,ac_transmission:region1,2005-01-03 16:00:00,0.5911939319028866
power,region2,ac_transmission:region1,2005-01-03 17:00:00,0.578507244613974
power,region2,ac_transmission:region1,2005-01-03 18:00:00,0.655167227381021
power,region2,ac_transmission:region1,2005-01-03 19:00:00,0.8500000000000001
power,region2,ac_transmission:region1,2005-01-03 20:00:00,0.8500000000000001
power,region2,ac_transmission:region1,2005-01-03 21:00:00,0.8500000000000001
power,region2,ac_transmission:region1,2005-01-03 22:00:00,0.8500000000000001
power,region2,ac_transmission:region1,2005-01-03 23:00:00,0.8500000000000001
power,region2,ac_transmission:region1,2005-01-04 00:00:00,0.8500000000000001
power,region2,ac_transmission:region1,2005-01-04 01:00:00,0.8500000000000001
power,region2,ac_transmission:region1,2005-01-04 02:00:00,0.8500000000000001
power,region2,ac_transmission:region1,2005-01-04 03:00:00,0.8500000000000001
power,region2,ac_transmission:region1,2005-01-04 04:00:00,0.776830433495887
power,region2,ac_transmission:region1,2005-01-04 05:00:00,0.672388235268411
power,region2,ac_transmission:region1,2005-01-04 06:00:00,0.6850743034529274
power,region2,ac_transmission:region1,2005-01-04 07:00:00,0.7104476780307528
power,region2,ac_transmission:region1,2005-01-04 08:00:00,0.7611938080820074
power,region2,ac_transmission:region1,2005-01-04 09:00:00,0.7440636847199937
power,region2,ac_transmission:region1,2005-01-04 10:00:00,0.7674878669005887
power,region2,ac_transmission:region1,2005-01-04 11:00:00,0.7485071207930948
power,region2,ac_transmission:region1,2005-01-04 12:00:00,0.7358210526085783
power,region2,ac_transmission:region1,2005-01-04 13:00:00,0.7231343653196655
power,region2,ac_transmission:region1,2005-01-04 14:00:00,0.60366318972782
power,region2,ac_transmission:region1,2005-01-04 15:00:00,0.4516416099336394
power,region2,ac_transmission:region1,2005-01-04 16:00:00,0.5911939319028866
power,region2,ac_transmission:region1,2005-01-04 17:00:00,0.578507244613974
power,region2,ac_transmission:region1,2005-01-04 18:00:00,0.5531344891405447
power,region2,ac_transmission:region1,2005-01-04 19:00:00,0.8500000000000001
power,region2,ac_transmission:region1,2005-01-04 20:00:00,0.8500000000000001
power,region2,ac_transmission:region1,2005-01-04 21:00:00,0.8500000000000001
power,region2,ac_transmission:region1,2005-01-04 22:00:00,0.8500000000000001
power,region2,ac_transmission:region1,2005-01-04 23:00:00,0.8500000000000001
power,region2,ac_transmission:region1,2005-01-05 00:00:00,0.8500000000000001
power,region2,ac_transmission:region1,2005-01-05 01:00:00,0.8500000000000001
power,region2,ac_transmission:region1,2005-01-05 02:00:00,0.8500000000000001
power,region2,ac_transmission:region1,2005-01-05 03:00:00,0.8500000000000001
power,region2,ac_transmission:region1,2005-01-05 04:00:00,0.8500000000000001
power,region2,ac_transmission:region1,2005-01-05 05:00:00,0.8305950970672454
power,region2,ac_transmission:region1,2005-01-05 06:00:00,0.6850743034529274
power,region2,ac_transmission:region1,2005-01-05 07:00:00,0.7104476780307528
power,region2,ac_transmission:region1,2005-01-05 08:00:00,0.7000532866795685
power,region2,ac_transmission:region1,2005-01-05 09:00:00,0.6249106049669685
power,region2,ac_transmission:region1,2005-01-05 10:00:00,0.727051438835035
power,region2,ac_transmission:region1,2005-01-05 11:00:00,0.7860406962812221
power,region2,ac_transmission:region1,2005-01-05 12:00:00,0.8180023322026788
power,region2,ac_transmission:region1,2005-01-05 13:00:00,0.7376393622205017
power,region2,ac_transmission:region1,2005-01-05 14:00:00,0.5056733270160407
power,region2,ac_transmission:region1,2005-01-05 15:00:00,0.4516416099336394
power,region2,ac_transmission:region1,2005-01-05 16:00:00,0.5911939319028866
power,region2,ac_transmission:region1,2005-01-05 17:00:00,0.578507244613974
power,region2,ac_transmission:region1,2005-01-05 18:00:00,0.5531344891405447
power,region2,ac_transmission:region1,2005-01-05 19:00:00,0.8500000000000001
power,region2,ac_transmission:region1,2005-01-05 20:00:00,0.8119399381332619
power,region2,ac_transmission:region1,2005-01-05 21:00:00,0.7611938080820074
power,region2,ac_transmission:region1,2005-01-05 22:00:00,0.6977609907418401
power,region2,ac_transmission:region1,2005-01-05 23:00:00,0.7104476780307528
power,region2,battery,2005-01-01 00:00:00,0.0
power,region2,battery,2005-01-01 01:00:00,0.0
power,region2,battery,2005-01-01 02:00:00,0.0
power,region2,battery,2005-01-01 03:00:00,0.0
power,region2,battery,2005-01-01 04:00:00,0.0
power,region2,battery,2005-01-01 05:00:00,0.0
power,region2,battery,2005-01-01 06:00:00,0.0
power,region2,battery,2005-01-01 07:00:00,0.0
power,region2,battery,2005-01-01 08:00:00,0.0
power,region2,battery,2005-01-01 09:00:00,0.0
power,region2,battery,2005-01-01 10:00:00,0.0
power,region2,battery,2005-01-01 11:00:00,0.0
power,region2,battery,2005-01-01 12:00:00,0.0
power,region2,battery,2005-01-01 13:00:00,0.0
power,region2,battery,2005-01-01 14:00:00,0.0
power,region2,battery,2005-01-01 15:00:00,0.0
power,region2,battery,2005-01-01 16:00:00,0.163933999999999
power,region2,battery,2005-01-01 17:00:00,0.12295
power,region2,battery,2005-01-01 18:00:00,0.0409839999999996
power,region2,battery,2005-01-01 19:00:00,0.0
power,region2,battery,2005-01-01 20:00:00,0.0
power,region2,battery,2005-01-01 21:00:00,0.0
power,region2,battery,2005-01-01 22:00:00,0.0
power,region2,battery,2005-01-01 23:00:00,0.0
power,region2,battery,2005-01-02 00:00:00,0.0
power,region2,battery,2005-01-02 01:00:00,0.0
power,region2,battery,2005-01-02 02:00:00,0.0
power,region2,battery,2005-01-02 03:00:00,0.0
power,region2,battery,2005-01-02 04:00:00,0.0
power,region2,battery,2005-01-02 05:00:00,0.0
power,region2,battery,2005-01-02 06:00:00,0.0
power,region2,battery,2005-01-02 07:00:00,0.0
power,region2,battery,2005-01-02 08:00:00,0.0
power,region2,battery,2005-01-02 09:00:00,0.0
power,region2,battery,2005-01-02 10:00:00,0.0
power,region2,battery,2005-01-02 11:00:00,0.0
power,region2,battery,2005-01-02 12:00:00,0.0
power,region2,battery,2005-01-02 13:00:00,0.0
power,region2,battery,2005-01-02 14:00:00,0.0
power,region2,battery,2005-01-02 15:00:00,0.0
power,region2,battery,2005-01-02 16:00:00,1.0
power,region2,battery,2005-01-02 17:00:00,1.0
power,region2,battery,2005-01-02 18:00:00,0.0409839999999996
power,region2,battery,2005-01-02 19:00:00,0.0
power,region2,battery,2005-01-02 20:00:00,0.0
power,region2,battery,2005-01-02 21:00:00,0.0
power,region2,battery,2005-01-02 22:00:00,0.0
power,region2,battery,2005-01-02 23:00:00,0.0
power,region2,battery,2005-01-03 00:00:00,0.0
power,region2,battery,2005-01-03 01:00:00,0.0
power,region2,battery,2005-01-03 02:00:00,0.0
power,region2,battery,2005-01-03 03:00:00,0.0
power,region2,battery,2005-01-03 04:00:00,0.0
power,region2,battery,2005-01-03 05:00:00,0.0
power,region2,battery,2005-01-03 06:00:00,0.0
power,region2,battery,2005-01-03 07:00:00,0.0
power,region2,battery,2005-01-03 08:00:00,0.0
power,region2,battery,2005-01-03 09:00:00,0.0
power,region2,battery,2005-01-03 10:00:00,0.0
power,region2,battery,2005-01-03 11:00:00,0.0
power,region2,battery,2005-01-03 12:00:00,0.0
power,region2,battery,2005-01-03 13:00:00,0.0
power,region2,battery,2005-01-03 14:00:00,0.0
power,region2,battery,2005-01-03 15:00:00,1.0
power,region2,battery,2005-01-03 16:00:00,1.0
power,region2,battery,2005-01-03 17:00:00,1.0
power,region2,battery,2005-01-03 18:00:00,0.670386000000001
power,region2,battery,2005-01-03 19:00:00,0.0
power,region2,battery,2005-01-03 20:00:00,0.0
power,region2,battery,2005-01-03 21:00:00,0.0
power,region2,battery,2005-01-03 22:00:00,0.0
power,region2,battery,2005-01-03 23:00:00,0.0
power,region2,battery,2005-01-04 00:00:00,0.0
power,region2,battery,2005-01-04 01:00:00,0.0
power,region2,battery,2005-01-04 02:00:00,0.0
power,region2,battery,2005-01-04 03:00:00,0.0
power,region2,battery,2005-01-04 04:00:00,0.0
power,region2,battery,2005-01-04 05:00:00,0.0
power,region2,battery,2005-01-04 06:00:00,0.0
power,region2,battery,2005-01-04 07:00:00,0.0
power,region2,battery,2005-01-04 08:00:00,0.0
power,region2,battery,2005-01-04 09:00:00,0.0553383999999996
power,region2,battery,2005-01-04 10:00:00,0.0
power,region2,battery,2005-01-04 11:00:00,0.0
power,region2,battery,2005-01-04 12:00:00,0.0
power,region2,battery,2005-01-04 13:00:00,0.0
power,region2,battery,2005-01-04 14:00:00,0.3449644
power,region2,battery,2005-01-04 15:00:00,1.0
power,region2,battery,2005-01-04 16:00:00,1.0
power,region2,battery,2005-01-04 17:00:00,1.0
power,region2,battery,2005-01-04 18:00:00,1.0
power,region2,battery,2005-01-04 19:00:00,0.0
power,region2,battery,2005-01-04 20:00:00,0.0
power,region2,battery,2005-01-04 21:00:00,0.0
power,region2,battery,2005-01-04 22:00:00,0.0
power,region2,battery,2005-01-04 23:00:00,0.0
power,region2,battery,2005-01-05 00:00:00,0.0
power,region2,battery,2005-01-05 01:00:00,0.0
power,region2,battery,2005-01-05 02:00:00,0.0
power,region2,battery,2005-01-05 03:00:00,0.0
power,region2,battery,2005-01-05 04:00:00,0.0
power,region2,battery,2005-01-05 05:00:00,0.0
power,region2,battery,2005-01-05 06:00:00,0.0
power,region2,battery,2005-01-05 07:00:00,0.0
power,region2,battery,2005-01-05 08:00:00,0.197512799999996
power,region2,battery,2005-01-05 09:00:00,0.44025919999999297
power,region2,battery,2005-01-05 10:00:00,0.0693119999999985
power,region2,battery,2005-01-05 11:00:00,0.0
power,region2,battery,2005-01-05 12:00:00,0.0
power,region2,battery,2005-01-05 13:00:00,0.0
power,region2,battery,2005-01-05 14:00:00,0.661518
power,region2,battery,2005-01-05 15:00:00,1.0
power,region2,battery,2005-01-05 16:00:00,1.0
power,region2,battery,2005-01-05 17:00:00,1.0
power,region2,battery,2005-01-05 18:00:00,1.0
power,region2,battery,2005-01-05 19:00:00,0.0
power,region2,battery,2005-01-05 20:00:00,0.0
power,region2,battery,2005-01-05 21:00:00,0.0
power,region2,battery,2005-01-05 22:00:00,0.0
power,region2,battery,2005-01-05 23:00:00,0.0
